logicalName,suggestedDomain,suggestedCategory,matchedBy
aaduser,GENERAL,Standard,fallback
aal_ontvangstbewijstype,GENERAL,Custom,fallback
aal_ontvangstbewijzen,GENERAL,Custom,fallback
account,CCSP ORGANISATIES,Standard,exact
accountleads,CCSP ORGANISATIES,Standard,kw:account
aciviewmapper,GENERAL,Standard,fallback
actioncard,GENERAL,Standard,fallback
actioncardusersettings,GENERAL,Standard,fallback
actioncarduserstate,GENERAL,Standard,fallback
activityfileattachment,GENERAL,Standard,fallback
activitymimeattachment,GENERAL,Standard,fallback
activitymonitor,GENERAL,Standard,fallback
activityparty,GENERAL,Standard,fallback
activitypointer,GENERAL,Standard,fallback
adminsettingsentity,GENERAL,Standard,fallback
advancedsimilarityrule,GENERAL,Standard,fallback
adx_accesscontrolrule_publishingstate,GENERAL,Standard,fallback
adx_accountcontentaccesslevel,CCSP ORGANISATIES,Standard,kw:account
adx_accountproduct,PRODUCTENCATALOGUS P30,Standard,kw:product
adx_ad,GENERAL,Standard,fallback
adx_adplacement,GENERAL,Standard,fallback
adx_adplacement_ad,GENERAL,Standard,fallback
adx_alertsubscription,GENERAL,Standard,fallback
adx_badge,GENERAL,Standard,fallback
adx_badgetype,GENERAL,Standard,fallback
adx_bingmaplookup,GENERAL,Standard,fallback
adx_blog,GENERAL,Standard,fallback
adx_blog_webrole,WEBCONTENT,Standard,kw:web
adx_blogpost,GENERAL,Standard,fallback
adx_blogpost_tag,GENERAL,Standard,fallback
adx_bpf_c2857b638fa7473d8e2f112c232cebd8,GENERAL,Standard,fallback
adx_casedeflection,BEHEER VAN ZAKEN EN DOSSIERS,Standard,kw:case
adx_cmpallowedreason,GENERAL,Standard,fallback
adx_communityforum,GENERAL,Standard,fallback
adx_communityforumaccesspermission,GENERAL,Standard,fallback
adx_communityforumaccesspermission_webrole,WEBCONTENT,Standard,kw:web
adx_communityforumalert,GENERAL,Standard,fallback
adx_communityforumannouncement,GENERAL,Standard,fallback
adx_communityforumpost,GENERAL,Standard,fallback
adx_communityforumthread,GENERAL,Standard,fallback
adx_communityforumthread_contact,CCSP CONTACTPERSONEN,Standard,kw:contact
adx_communityforumthread_tag,GENERAL,Standard,fallback
adx_contactcontentaccesslevel,CCSP CONTACTPERSONEN,Standard,kw:contact
adx_contactproduct,PRODUCTENCATALOGUS P30,Standard,kw:product
adx_contentaccesslevel,WEBCONTENT,Standard,kw:content
adx_contentmoderationpolicy,WEBCONTENT,Standard,kw:content
adx_contentsnippet,WEBCONTENT,Standard,kw:content
adx_entityform,GENERAL,Standard,fallback
adx_entityformmetadata,GENERAL,Standard,fallback
adx_entitylist,GENERAL,Standard,fallback
adx_entitypermission,GENERAL,Standard,fallback
adx_entitypermission_webrole,WEBCONTENT,Standard,kw:web
adx_externalidentity,GENERAL,Standard,fallback
adx_forum_activityalert,GENERAL,Standard,fallback
adx_forumnotification,GENERAL,Standard,fallback
adx_forumthreadtype,GENERAL,Standard,fallback
adx_idea,GENERAL,Standard,fallback
adx_ideaforum,GENERAL,Standard,fallback
adx_invitation,GENERAL,Standard,fallback
adx_invitation_invitecontacts,CCSP CONTACTPERSONEN,Standard,kw:contact
adx_invitation_mspp_webrole_powerpagecomponent,WEBCONTENT,Standard,kw:web
adx_invitation_redeemedcontacts,CCSP CONTACTPERSONEN,Standard,kw:contact
adx_invitation_webrole,WEBCONTENT,Standard,kw:web
adx_inviteredemption,GENERAL,Standard,fallback
adx_kbarticle_kbarticle,GENERAL,Standard,fallback
adx_knowledgearticlecontentaccesslevel,WEBCONTENT,Standard,kw:content
adx_pagealert,WEBCONTENT,Standard,kw:page
adx_pagenotification,WEBCONTENT,Standard,kw:page
adx_pagetag,WEBCONTENT,Standard,kw:page
adx_pagetag_webpage,WEBCONTENT,Standard,kw:web
adx_pagetemplate,WEBCONTENT,Standard,kw:page
adx_poll,GENERAL,Standard,fallback
adx_polloption,GENERAL,Standard,fallback
adx_pollplacement,GENERAL,Standard,fallback
adx_pollplacement_poll,GENERAL,Standard,fallback
adx_pollsubmission,GENERAL,Standard,fallback
adx_portalcomment,GENERAL,Standard,fallback
adx_portallanguage,GENERAL,Standard,fallback
adx_publishingstate,GENERAL,Standard,fallback
adx_publishingstatetransitionrule,GENERAL,Standard,fallback
adx_publishingstatetransitionrule_webrole,WEBCONTENT,Standard,kw:web
adx_redirect,GENERAL,Standard,fallback
adx_setting,GENERAL,Standard,fallback
adx_shortcut,GENERAL,Standard,fallback
adx_sitemarker,GENERAL,Standard,fallback
adx_sitesetting,GENERAL,Standard,fallback
adx_tag,GENERAL,Standard,fallback
adx_urlhistory,GENERAL,Standard,fallback
adx_webfile,WEBCONTENT,Standard,kw:web
adx_webfilelog,WEBCONTENT,Standard,kw:web
adx_webform,WEBCONTENT,Standard,kw:web
adx_webformmetadata,WEBCONTENT,Standard,kw:web
adx_webformsession,WEBCONTENT,Standard,kw:web
adx_webformstep,WEBCONTENT,Standard,kw:web
adx_weblink,WEBCONTENT,Standard,kw:web
adx_weblinkset,WEBCONTENT,Standard,kw:web
adx_webnotificationentity,WEBCONTENT,Standard,kw:web
adx_webnotificationurl,WEBCONTENT,Standard,kw:web
adx_webpage,WEBCONTENT,Standard,kw:web
adx_webpage_tag,WEBCONTENT,Standard,kw:web
adx_webpageaccesscontrolrule,WEBCONTENT,Standard,kw:web
adx_webpageaccesscontrolrule_webrole,WEBCONTENT,Standard,kw:web
adx_webpagehistory,WEBCONTENT,Standard,kw:web
adx_webpagelog,WEBCONTENT,Standard,kw:web
adx_webrole,WEBCONTENT,Standard,kw:web
adx_webrole_account,CCSP ORGANISATIES,Standard,kw:account
adx_webrole_contact,CCSP CONTACTPERSONEN,Standard,kw:contact
adx_webrole_ideaforum_read,WEBCONTENT,Standard,kw:web
adx_webrole_ideaforum_write,WEBCONTENT,Standard,kw:web
adx_webrole_systemuser,WEBCONTENT,Standard,kw:web
adx_webrolecontentaccesslevel,WEBCONTENT,Standard,kw:web
adx_website,WEBCONTENT,Standard,kw:web
adx_website_list,WEBCONTENT,Standard,kw:web
adx_website_sponsor,WEBCONTENT,Standard,kw:web
adx_websiteaccess,WEBCONTENT,Standard,kw:web
adx_websiteaccess_webrole,WEBCONTENT,Standard,kw:web
adx_websitebinding,WEBCONTENT,Standard,kw:web
adx_websitelanguage,WEBCONTENT,Standard,kw:web
adx_webtemplate,WEBCONTENT,Standard,kw:web
aicopilot,GENERAL,Standard,fallback
aicopilot_aiplugin,GENERAL,Standard,fallback
aiinsightcard,GENERAL,Standard,fallback
aiplugin,GENERAL,Standard,fallback
aipluginauth,GENERAL,Standard,fallback
aipluginconversationstarter,GENERAL,Standard,fallback
aipluginconversationstartermapping,GENERAL,Standard,fallback
aipluginexternalschema,GENERAL,Standard,fallback
aipluginexternalschemaproperty,GENERAL,Standard,fallback
aiplugingovernance,GENERAL,Standard,fallback
aiplugingovernanceext,GENERAL,Standard,fallback
aiplugininstance,GENERAL,Standard,fallback
aipluginoperation,GENERAL,Standard,fallback
aipluginoperationparameter,GENERAL,Standard,fallback
aipluginoperationresponsetemplate,GENERAL,Standard,fallback
aiplugintitle,GENERAL,Standard,fallback
aipluginusersetting,GENERAL,Standard,fallback
aiskillconfig,GENERAL,Standard,fallback
annotation,GENERAL,Standard,fallback
annualfiscalcalendar,GENERAL,Standard,fallback
apisettings,GENERAL,Standard,fallback
appaction,GENERAL,Standard,fallback
appaction_appactionrule_classicrules,GENERAL,Standard,fallback
appactionmigration,GENERAL,Standard,fallback
appactionrule,GENERAL,Standard,fallback
appactionrule_webresource_scripts,WEBCONTENT,Standard,kw:web
appconfig,GENERAL,Standard,fallback
appconfiginstance,GENERAL,Standard,fallback
appconfigmaster,GENERAL,Standard,fallback
appelement,GENERAL,Standard,fallback
appentitysearchview,GENERAL,Standard,fallback
application,GENERAL,Standard,fallback
applicationfile,GENERAL,Standard,fallback
applicationroles,GENERAL,Standard,fallback
applicationuser,GENERAL,Standard,fallback
applicationuserprofile,GENERAL,Standard,fallback
applicationuserrole,GENERAL,Standard,fallback
appmodule,GENERAL,Standard,fallback
appmodulecomponent,GENERAL,Standard,fallback
appmodulecomponentedge,GENERAL,Standard,fallback
appmodulecomponentnode,GENERAL,Standard,fallback
appmodulemetadata,GENERAL,Standard,fallback
appmodulemetadatadependency,GENERAL,Standard,fallback
appmodulemetadataoperationlog,GENERAL,Standard,fallback
appmoduleroles,GENERAL,Standard,fallback
appnotification,GENERAL,Standard,fallback
appointment,VERGADERBEHEER,Standard,exact
approvalprocess,PROCESMANAGER,Standard,kw:process
approvalstageapproval,PROCESMANAGER,Standard,kw:stage
approvalstagecondition,PROCESMANAGER,Standard,kw:stage
approvalstageintelligent,PROCESMANAGER,Standard,kw:stage
approvalstageorder,PROCESMANAGER,Standard,kw:stage
appsetting,GENERAL,Standard,fallback
appusersetting,GENERAL,Standard,fallback
archivecleanupinfo,GENERAL,Standard,fallback
archivecleanupoperation,GENERAL,Standard,fallback
asyncoperation,GENERAL,Standard,fallback
attachment,GENERAL,Standard,fallback
attribute,GENERAL,Standard,fallback
attributeclusterconfig,GENERAL,Standard,fallback
attributeimageconfig,GENERAL,Standard,fallback
attributemap,GENERAL,Standard,fallback
attributemaskingrule,GENERAL,Standard,fallback
attributepicklistvalue,GENERAL,Standard,fallback
audit,GENERAL,Standard,fallback
authorizationserver,GENERAL,Standard,fallback
availabletimes,GENERAL,Standard,fallback
availabletimesdatasource,GENERAL,Standard,fallback
azureserviceconnection,GENERAL,Standard,fallback
backgroundoperation,GENERAL,Standard,fallback
bookableresource,GENERAL,Standard,fallback
bookableresourcebooking,GENERAL,Standard,fallback
bookableresourcebookingexchangesyncidmapping,GENERAL,Standard,fallback
bookableresourcebookingheader,GENERAL,Standard,fallback
bookableresourcecategory,GENERAL,Standard,fallback
bookableresourcecategoryassn,GENERAL,Standard,fallback
bookableresourcecharacteristic,GENERAL,Standard,fallback
bookableresourcegroup,GENERAL,Standard,fallback
bookingstatus,GENERAL,Standard,fallback
bot,GENERAL,Standard,fallback
bot_botcomponent,GENERAL,Standard,fallback
bot_botcomponentcollection,GENERAL,Standard,fallback
bot_botcontentpack,WEBCONTENT,Standard,kw:content
bot_environmentvariabledefinition,GENERAL,Standard,fallback
botcomponent,GENERAL,Standard,fallback
botcomponent_aipluginoperation,GENERAL,Standard,fallback
botcomponent_botcomponent,GENERAL,Standard,fallback
botcomponent_connectionreference,GENERAL,Standard,fallback
botcomponent_dvtablesearch,GENERAL,Standard,fallback
botcomponent_environmentvariabledefinition,GENERAL,Standard,fallback
botcomponent_msdyn_aimodel,GENERAL,Standard,fallback
botcomponent_workflow,PROCESMANAGER,Standard,kw:workflow
botcomponentcollection,GENERAL,Standard,fallback
botcontentpack,WEBCONTENT,Standard,kw:content
bulkarchiveconfig,GENERAL,Standard,fallback
bulkarchivefailuredetail,GENERAL,Standard,fallback
bulkarchiveoperation,GENERAL,Standard,fallback
bulkarchiveoperationdetail,GENERAL,Standard,fallback
bulkdeletefailure,GENERAL,Standard,fallback
bulkdeleteoperation,GENERAL,Standard,fallback
bulkoperation,GENERAL,Standard,fallback
bulkoperationlog,GENERAL,Standard,fallback
businessdatalocalizedlabel,GENERAL,Standard,fallback
businessprocess,PROCESMANAGER,Standard,kw:process
businessprocessflowinstance,PROCESMANAGER,Standard,kw:process
businessunit,GENERAL,Standard,exact
businessunitmap,CCSP ORGANISATIES,Standard,kw:businessunit
businessunitnewsarticle,CCSP ORGANISATIES,Standard,kw:businessunit
calendar,GENERAL,Standard,fallback
calendarrule,GENERAL,Standard,fallback
callbackregistration,GENERAL,Standard,fallback
campaign,GENERAL,Standard,fallback
campaignactivity,GENERAL,Standard,fallback
campaignactivityitem,GENERAL,Standard,fallback
campaignitem,GENERAL,Standard,fallback
campaignresponse,GENERAL,Standard,fallback
canvasapp,GENERAL,Standard,fallback
canvasappextendedmetadata,GENERAL,Standard,fallback
card,GENERAL,Standard,fallback
cardentityconnections,GENERAL,Standard,fallback
cardstateitem,GENERAL,Standard,fallback
cardtype,GENERAL,Standard,fallback
cascadegrantrevokeaccessrecordstracker,SUBSIDIES,Standard,kw:grant
cascadegrantrevokeaccessversiontracker,SUBSIDIES,Standard,kw:grant
catalog,PRODUCTENCATALOGUS P30,Standard,kw:catalog
catalogassignment,PRODUCTENCATALOGUS P30,Standard,kw:catalog
category,GENERAL,Standard,fallback
ccp_aangiftebusinessprocessflow,PROCESMANAGER,Custom,kw:process
ccp_account_ccp_activityofassociation,CCSP ORGANISATIES,Custom,kw:account
ccp_account_ccp_interest,CCSP ORGANISATIES,Custom,kw:account
ccp_account_ccp_openinghours,CCSP ORGANISATIES,Custom,kw:account
ccp_account_ccp_organisationactivity,CCSP ORGANISATIES,Custom,kw:account
ccp_account_ccp_targetaudience,CCSP ORGANISATIES,Custom,kw:account
ccp_account_ccsp_address,CCSP ORGANISATIES,Custom,kw:account
ccp_accountrelation,CCSP ORGANISATIES,Custom,kw:account
ccp_acmidmuserright,GENERAL,Custom,fallback
ccp_activityofassociation,GENERAL,Custom,fallback
ccp_advice,GENERAL,Custom,fallback
ccp_adviceclimate,GENERAL,Custom,fallback
ccp_adviceclimatebpf,GENERAL,Custom,fallback
ccp_adviceconfiguration,GENERAL,Custom,fallback
ccp_advisor,GENERAL,Custom,fallback
ccp_adx_blogpost_product,PRODUCTENCATALOGUS P30,Custom,kw:product
ccp_adx_idea_adx_tag,GENERAL,Custom,fallback
ccp_adx_idea_product,PRODUCTENCATALOGUS P30,Custom,kw:product
ccp_adx_webpage_product,PRODUCTENCATALOGUS P30,Custom,kw:product
ccp_agendaitem,VERGADERBEHEER,Custom,kw:agenda
ccp_agendaitemtype,VERGADERBEHEER,Custom,kw:agenda
ccp_allotment,GENERAL,Custom,fallback
ccp_attendee,GENERAL,Custom,fallback
ccp_attribute,GENERAL,Custom,fallback
ccp_authorisedgovernment,GENERAL,Custom,fallback
ccp_autofill,GENERAL,Custom,fallback
ccp_autonumbering,GENERAL,Custom,fallback
ccp_autonumberingfilter,GENERAL,Custom,fallback
ccp_bankaccount,CCSP ORGANISATIES,Custom,kw:account
ccp_blogcategory,GENERAL,Custom,fallback
ccp_bpflening,GENERAL,Custom,fallback
ccp_bpimporthistory,GENERAL,Custom,fallback
ccp_bpstepaction,GENERAL,Custom,fallback
ccp_bptypesecurity,GENERAL,Custom,fallback
ccp_bpusergroupuserauthentication,GENERAL,Custom,fallback
ccp_businessprocess,PROCESMANAGER,Custom,kw:process
ccp_businessprocessattribute,PROCESMANAGER,Custom,kw:process
ccp_businessprocessattributeparameter,PROCESMANAGER,Custom,kw:process
ccp_businessprocessconfiguration,PROCESMANAGER,Custom,kw:process
ccp_businessprocessentityparameter,PROCESMANAGER,Custom,kw:process
ccp_businessprocessinstance,PROCESMANAGER,Custom,kw:process
ccp_businessprocesslane,PROCESMANAGER,Custom,kw:process
ccp_businessprocesslevelbreadcrumb,PROCESMANAGER,Custom,kw:process
ccp_businessprocessparameter,PROCESMANAGER,Custom,kw:process
ccp_businessprocessstep,PROCESMANAGER,Custom,kw:process
ccp_businessprocesssteptrigger,PROCESMANAGER,Custom,kw:process
ccp_businessprocesstype,PROCESMANAGER,Custom,kw:process
ccp_businessprocesstypeondemandprocess,PROCESMANAGER,Custom,kw:process
ccp_businessprocesstypeuserauthentication,PROCESMANAGER,Custom,kw:process
ccp_businessprocessusergroup,PROCESMANAGER,Custom,kw:process
ccp_casebusinessprocessflow,BEHEER VAN ZAKEN EN DOSSIERS,Custom,kw:case
ccp_casebusinessprocessflowbeleidssignaal,BEHEER VAN ZAKEN EN DOSSIERS,Custom,kw:case
ccp_casebusinessprocessflowmelding,MELDINGEN,Custom,kw:melding
ccp_caselog,BEHEER VAN ZAKEN EN DOSSIERS,Custom,kw:case
ccp_categoryclimate,GENERAL,Custom,fallback
ccp_causeofcomplaint,KLACHTEN,Custom,kw:complaint
ccp_ccp_acmidmuserright_adx_webrole,WEBCONTENT,Custom,kw:web
ccp_ccp_businessprocessstep_ccp_attribute,PROCESMANAGER,Custom,kw:process
ccp_ccp_member_ccp_openinghours,GENERAL,Custom,fallback
ccp_ccp_training_contact,CCSP CONTACTPERSONEN,Custom,kw:contact
ccp_ccp_typeofcontact_contact,CCSP CONTACTPERSONEN,Custom,kw:contact
ccp_ccp_votinground_contact,CCSP CONTACTPERSONEN,Custom,kw:contact
ccp_ccsp_accountclassification_account,CCSP ORGANISATIES,Custom,kw:account
ccp_certificate,GENERAL,Custom,fallback
ccp_classificatie,GENERAL,Custom,fallback
ccp_classificatie_account,CCSP ORGANISATIES,Custom,kw:account
ccp_classification,GENERAL,Custom,fallback
ccp_client,GENERAL,Custom,fallback
ccp_climatecase,BEHEER VAN ZAKEN EN DOSSIERS,Custom,kw:case
ccp_climatecase_ccp_concernedparty,BEHEER VAN ZAKEN EN DOSSIERS,Custom,kw:case
ccp_climatecase_ccp_projectclimate,BEHEER VAN ZAKEN EN DOSSIERS,Custom,kw:case
ccp_climatecase_ccsp_address,BEHEER VAN ZAKEN EN DOSSIERS,Custom,kw:case
ccp_climatecase_contact,BEHEER VAN ZAKEN EN DOSSIERS,Custom,kw:case
ccp_comment,GENERAL,Custom,fallback
ccp_composition,GENERAL,Custom,fallback
ccp_concernedparty,GENERAL,Custom,fallback
ccp_concernedpartytype,GENERAL,Custom,fallback
ccp_consultation,GENERAL,Custom,fallback
ccp_contactdetail,CCSP CONTACTPERSONEN,Custom,kw:contact
ccp_contract,CONTRACTEN,Custom,kw:contract
ccp_contracttypes,CONTRACTEN,Custom,kw:contract
ccp_converttoconfiguration,GENERAL,Custom,fallback
ccp_copyattribute,GENERAL,Custom,fallback
ccp_copyentity,GENERAL,Custom,fallback
ccp_copyrelationship,GENERAL,Custom,fallback
ccp_credential,GENERAL,Custom,fallback
ccp_declaration,GENERAL,Custom,fallback
ccp_declarationcontacts,CCSP CONTACTPERSONEN,Custom,kw:contact
ccp_deploymentfavorite,GENERAL,Custom,fallback
ccp_designclimate,GENERAL,Custom,fallback
ccp_designclimatebpf,GENERAL,Custom,fallback
ccp_destinationbusiness,GENERAL,Custom,fallback
ccp_destinationofcomplaint,KLACHTEN,Custom,kw:complaint
ccp_digitaleafspraak,GENERAL,Custom,fallback
ccp_district,GENERAL,Custom,fallback
ccp_document,GENERAL,Custom,fallback
ccp_documentconfiguration,GENERAL,Custom,fallback
ccp_documentconfiguration_includesystemuser,GENERAL,Custom,fallback
ccp_documentconfiguration_includeteam,GENERAL,Custom,fallback
ccp_documenttype,GENERAL,Custom,fallback
ccp_dosphase,GENERAL,Custom,fallback
ccp_dosphaseconfig,GENERAL,Custom,fallback
ccp_dosphaseconfigline,GENERAL,Custom,fallback
ccp_dossierbusinessprocessflow,BEHEER VAN ZAKEN EN DOSSIERS,Custom,kw:dossier
ccp_dosstatus,GENERAL,Custom,fallback
ccp_dosstatusconfig,GENERAL,Custom,fallback
ccp_dosstatusconfigline,GENERAL,Custom,fallback
ccp_dynamictemplate,GENERAL,Custom,fallback
ccp_dynamictemplatedatasource,GENERAL,Custom,fallback
ccp_entity,GENERAL,Custom,fallback
ccp_epcaddress,GENERAL,Custom,fallback
ccp_epcscore,GENERAL,Custom,fallback
ccp_erkenninggeneriekbusinessprocessflow,PROCESMANAGER,Custom,kw:process
ccp_evaluation,FUNCTIONERING,Custom,kw:evaluation
ccp_evenement,EVENEMENTEN,Custom,kw:evenement
ccp_evenementenloketbusinessprocessflow,EVENEMENTEN,Custom,kw:evenement
ccp_event,EVENEMENTEN,Custom,kw:event
ccp_eventdrawing,EVENEMENTEN,Custom,kw:event
ccp_eventlocation,EVENEMENTEN,Custom,kw:event
ccp_eventlocationswe,EVENEMENTEN,Custom,kw:event
ccp_eventmobility,EVENEMENTEN,Custom,kw:event
ccp_eventpermitcondition,EVENEMENTEN,Custom,kw:event
ccp_eventsoundlevel,EVENEMENTEN,Custom,kw:event
ccp_eventwe,EVENEMENTEN,Custom,kw:event
ccp_eventwe_contact,EVENEMENTEN,Custom,kw:event
ccp_executionclimate,GENERAL,Custom,fallback
ccp_executivegovernment,GENERAL,Custom,fallback
ccp_faction,GENERAL,Custom,fallback
ccp_factuurwe,GENERAL,Custom,fallback
ccp_financialdebts,GENERAL,Custom,fallback
ccp_fixedstructure,GENERAL,Custom,fallback
ccp_fixedstructuretype,GENERAL,Custom,fallback
ccp_function,GENERAL,Custom,fallback
ccp_functionering_generiekprocess,PROCESMANAGER,Custom,kw:process
ccp_functionering_knipperlicht,FUNCTIONERING,Custom,kw:functionering
ccp_gasfine,GENERAL,Custom,fallback
ccp_gasfinetype,GENERAL,Custom,fallback
ccp_gasfollowup,GENERAL,Custom,fallback
ccp_gasgovernment,GENERAL,Custom,fallback
ccp_gasogm,GENERAL,Custom,fallback
ccp_gasogmnumber,GENERAL,Custom,fallback
ccp_gasupload,GENERAL,Custom,fallback
ccp_gdprconsultation,GENERAL,Custom,fallback
ccp_geographicscope,GENERAL,Custom,fallback
ccp_grant,SUBSIDIES,Custom,kw:grant
ccp_grantassociation,SUBSIDIES,Custom,kw:grant
ccp_grantcondition,SUBSIDIES,Custom,kw:grant
ccp_granteconomy,SUBSIDIES,Custom,kw:grant
ccp_grantenvironment,SUBSIDIES,Custom,kw:grant
ccp_grantproject,SUBSIDIES,Custom,kw:grant
ccp_grantsocial,SUBSIDIES,Custom,kw:grant
ccp_granttype,SUBSIDIES,Custom,kw:grant
ccp_grid,GENERAL,Custom,fallback
ccp_grid_ccp_grid,GENERAL,Custom,fallback
ccp_gridbutton,GENERAL,Custom,fallback
ccp_gridcolumn,GENERAL,Custom,fallback
ccp_holiday,GENERAL,Custom,fallback
ccp_hoofdvergunningbusinessprocessflow,PROCESMANAGER,Custom,kw:process
ccp_incidentcategory,MELDINGEN,Custom,kw:incident
ccp_incidentprocess,MELDINGEN,Custom,kw:incident
ccp_incidentstatusreason,MELDINGEN,Custom,kw:incident
ccp_informatievraagbpf,GENERAL,Custom,fallback
ccp_informationrequest,GENERAL,Custom,fallback
ccp_informationrequest_ccp_categoryclim,GENERAL,Custom,fallback
ccp_inkomensniveau,GENERAL,Custom,fallback
ccp_innamebusinessprocessflow,PROCESMANAGER,Custom,kw:process
ccp_institution,GENERAL,Custom,fallback
ccp_insurance,GENERAL,Custom,fallback
ccp_intake,GENERAL,Custom,fallback
ccp_jccteammappingconfig,GENERAL,Custom,fallback
ccp_keyword,GENERAL,Custom,fallback
ccp_keyword_ccp_account,CCSP ORGANISATIES,Custom,kw:account
ccp_keyword_ccp_contact,CCSP CONTACTPERSONEN,Custom,kw:contact
ccp_knowledgearea,GENERAL,Custom,fallback
ccp_knowledgearticle_ccp_authorisedgovernme,GENERAL,Custom,fallback
ccp_knowledgearticle_ccp_executivegovernmen,GENERAL,Custom,fallback
ccp_knowledgearticle_ccp_geographicscope,GENERAL,Custom,fallback
ccp_knowledgearticle_ccp_tag,GENERAL,Custom,fallback
ccp_knowledgearticle_ccp_youreuropecategory,GENERAL,Custom,fallback
ccp_knowledgearticle_msdyn_oclanguage,GENERAL,Custom,fallback
ccp_knowledgearticlebenefit,GENERAL,Custom,fallback
ccp_knowledgearticlecondition,GENERAL,Custom,fallback
ccp_knowledgearticlecontactdata,CCSP CONTACTPERSONEN,Custom,kw:contact
ccp_knowledgearticlecost,GENERAL,Custom,fallback
ccp_knowledgearticleprocedure,GENERAL,Custom,fallback
ccp_knowledgearticleregulation,GENERAL,Custom,fallback
ccp_knowledgearticlewebsite,WEBCONTENT,Custom,kw:web
ccp_letteraccessrecord,GENERAL,Custom,fallback
ccp_listofvalue,GENERAL,Custom,fallback
ccp_loanclimate,GENERAL,Custom,fallback
ccp_mapping,GENERAL,Custom,fallback
ccp_meeting,VERGADERBEHEER,Custom,kw:meeting
ccp_meetingattendance,VERGADERBEHEER,Custom,kw:meeting
ccp_meetingtype,VERGADERBEHEER,Custom,kw:meeting
ccp_meetingtype_ccp_agendaitemtype,VERGADERBEHEER,Custom,kw:meeting
ccp_member,GENERAL,Custom,fallback
ccp_microphone,GENERAL,Custom,fallback
ccp_minutes,VERGADERBEHEER,Custom,kw:minutes
ccp_nacecode,GENERAL,Custom,fallback
ccp_notulenbeheerlogging,VERGADERBEHEER,Custom,kw:notulen
ccp_ombudsnormofcomplaint,KLACHTEN,Custom,kw:complaint
ccp_ondertekeningdigitaalvlaanderen,GENERAL,Custom,fallback
ccp_ondertekeningdigitaalvlaanderen_contact,CCSP CONTACTPERSONEN,Custom,kw:contact
ccp_ondertekeningdigitaalvlaanderen_documen,GENERAL,Custom,fallback
ccp_ondertekeningdigitaalvlaanderendocument,GENERAL,Custom,fallback
ccp_openinghours,GENERAL,Custom,fallback
ccp_organisationactivity,CCSP ORGANISATIES,Custom,kw:organisation
ccp_organisationgoals,CCSP ORGANISATIES,Custom,kw:organisation
ccp_originofcomplaint,KLACHTEN,Custom,kw:complaint
ccp_parameter,GENERAL,Custom,fallback
ccp_parameteritem,GENERAL,Custom,fallback
ccp_parameterset,GENERAL,Custom,fallback
ccp_payment,GENERAL,Custom,fallback
ccp_performance,FUNCTIONERING,Custom,kw:performance
ccp_performanceaction,FUNCTIONERING,Custom,kw:performance
ccp_performanceitem,FUNCTIONERING,Custom,kw:performance
ccp_period,INNAME OPENBAAR DOMEIN,Custom,kw:iod
ccp_permit,INNAME OPENBAAR DOMEIN,Custom,kw:permit
ccp_permiteconomy,INNAME OPENBAAR DOMEIN,Custom,kw:permit
ccp_pmerrorlog,GENERAL,Custom,fallback
ccp_portalaction,GENERAL,Custom,fallback
ccp_portalbusinessrule,GENERAL,Custom,fallback
ccp_portalbusinessruleaction,GENERAL,Custom,fallback
ccp_portalbusinessrulecondition,GENERAL,Custom,fallback
ccp_portalrights,GENERAL,Custom,fallback
ccp_portalwebform,WEBCONTENT,Custom,kw:web
ccp_portalwebformsession,WEBCONTENT,Custom,kw:web
ccp_portalwebformstep,WEBCONTENT,Custom,kw:web
ccp_postcomment,GENERAL,Custom,fallback
ccp_postregistrationstep,DIAGRAM POSTREGISTRATIE,Custom,kw:postregistr
ccp_postregistrationstepcondition,DIAGRAM POSTREGISTRATIE,Custom,kw:postregistr
ccp_powers,GENERAL,Custom,fallback
ccp_principleapproval,GENERAL,Custom,fallback
ccp_projectclimate,GENERAL,Custom,fallback
ccp_reasoncomplaintinadmissible,KLACHTEN,Custom,kw:complaint
ccp_recognition,GENERAL,Custom,fallback
ccp_record,GENERAL,Custom,fallback
ccp_referral,GENERAL,Custom,fallback
ccp_registration,GENERAL,Custom,fallback
ccp_reimbursement,VERGOEDING,Custom,kw:reimbursement
ccp_reimbursementitem,VERGOEDING,Custom,kw:reimbursement
ccp_relationship,GENERAL,Custom,fallback
ccp_requestandborrow,GENERAL,Custom,fallback
ccp_requestandborrow_ccp_categoryclimat,GENERAL,Custom,fallback
ccp_requestandborrowbpf,GENERAL,Custom,fallback
ccp_shoppingcarttempquote,GENERAL,Custom,fallback
ccp_signcollection,GENERAL,Custom,fallback
ccp_signdocument,GENERAL,Custom,fallback
ccp_signfield,GENERAL,Custom,fallback
ccp_signingtemplate,GENERAL,Custom,fallback
ccp_signiteration,GENERAL,Custom,fallback
ccp_smalllandscapeelements,GENERAL,Custom,fallback
ccp_smalllandscapeelementtype,GENERAL,Custom,fallback
ccp_socialassistance,GENERAL,Custom,fallback
ccp_sourceclimate,GENERAL,Custom,fallback
ccp_statuslog,GENERAL,Custom,fallback
ccp_subsidiebusinessprocesflow,SUBSIDIES,Custom,kw:subsid
ccp_synchronization,GENERAL,Custom,fallback
ccp_synchronizationfield,GENERAL,Custom,fallback
ccp_synchronizationrelation,GENERAL,Custom,fallback
ccp_tag,GENERAL,Custom,fallback
ccp_targetaudience,GENERAL,Custom,fallback
ccp_targetaudienceclimate,GENERAL,Custom,fallback
ccp_taskschedule,GENERAL,Custom,fallback
ccp_teamsapirequest,GENERAL,Custom,fallback
ccp_template,GENERAL,Custom,fallback
ccp_templatedefinition,GENERAL,Custom,fallback
ccp_terracearea,GENERAL,Custom,fallback
ccp_thumbnail,GENERAL,Custom,fallback
ccp_training,GENERAL,Custom,fallback
ccp_training_ccp_knowledgearea,GENERAL,Custom,fallback
ccp_trigger,GENERAL,Custom,fallback
ccp_typeofcontact,CCSP CONTACTPERSONEN,Custom,kw:contact
ccp_typeofeconomicactivity,GENERAL,Custom,fallback
ccp_typeofevent,EVENEMENTEN,Custom,kw:event
ccp_typeofintake,GENERAL,Custom,fallback
ccp_typeofpermit,INNAME OPENBAAR DOMEIN,Custom,kw:permit
ccp_typeofworkclimate,GENERAL,Custom,fallback
ccp_typeorganisatiewe,CCSP ORGANISATIES,Custom,kw:organisatie
ccp_typequestionclimate,GENERAL,Custom,fallback
ccp_typequestionclimate_ccp_information,GENERAL,Custom,fallback
ccp_typerecognition,GENERAL,Custom,fallback
ccp_uitvoeringbpf,GENERAL,Custom,fallback
ccp_utilitymeters,GENERAL,Custom,fallback
ccp_utilityusage,GENERAL,Custom,fallback
ccp_vergoeding_businessprocessflow,PROCESMANAGER,Custom,kw:process
ccp_vergunningbusinessprocessflow,PROCESMANAGER,Custom,kw:process
ccp_view,GENERAL,Custom,fallback
ccp_vormingbusinessprocessflow,PROCESMANAGER,Custom,kw:process
ccp_vote,GENERAL,Custom,fallback
ccp_votinground,GENERAL,Custom,fallback
ccp_workclimate,GENERAL,Custom,fallback
ccp_xrmtemplate,GENERAL,Custom,fallback
ccp_youreuropecategory,GENERAL,Custom,fallback
ccp_zelfdenaam,GENERAL,Custom,fallback
ccsp_accountclassification,CCSP ORGANISATIES,Custom,kw:account
ccsp_accounttype,CCSP ORGANISATIES,Custom,kw:account
ccsp_address,GENERAL,Custom,fallback
ccsp_administrativeunit,GENERAL,Custom,fallback
ccsp_ccsp_interest_contact,CCSP CONTACTPERSONEN,Custom,kw:contact
ccsp_cessationreason,GENERAL,Custom,fallback
ccsp_city,GENERAL,Custom,fallback
ccsp_country,GENERAL,Custom,fallback
ccsp_economicactivity,GENERAL,Custom,fallback
ccsp_functionofassociation,GENERAL,Custom,fallback
ccsp_geolocation,GENERAL,Custom,fallback
ccsp_interest,GENERAL,Custom,fallback
ccsp_language,GENERAL,Custom,fallback
ccsp_legalform,GENERAL,Custom,fallback
ccsp_legalincapacity,GENERAL,Custom,fallback
ccsp_legalstatus,GENERAL,Custom,fallback
ccsp_nacecode,GENERAL,Custom,fallback
ccsp_nobletitle,GENERAL,Custom,fallback
ccsp_organizationqualification,CCSP ORGANISATIES,Custom,kw:organization
ccsp_organizationqualificationphase,CCSP ORGANISATIES,Custom,kw:organization
ccsp_person,CCSP PERSONEN,Custom,kw:person
ccsp_postalcode,GENERAL,Custom,fallback
ccsp_role,GENERAL,Custom,fallback
ccsp_salutation,GENERAL,Custom,fallback
ccsp_source,GENERAL,Custom,fallback
ccsp_sourcestatus,GENERAL,Custom,fallback
ccsp_street,GENERAL,Custom,fallback
certificatecredential,GENERAL,Standard,fallback
channelaccessprofile,GENERAL,Standard,fallback
channelaccessprofileentityaccesslevel,GENERAL,Standard,fallback
channelaccessprofilerule,GENERAL,Standard,fallback
channelaccessprofileruleitem,GENERAL,Standard,fallback
channelproperty,GENERAL,Standard,fallback
channelpropertygroup,GENERAL,Standard,fallback
characteristic,GENERAL,Standard,fallback
chat,GENERAL,Standard,fallback
childincidentcount,MELDINGEN,Standard,kw:incident
clientupdate,GENERAL,Standard,fallback
columnmapping,GENERAL,Standard,fallback
comment,GENERAL,Standard,fallback
commitment,GENERAL,Standard,fallback
competitor,GENERAL,Standard,fallback
competitoraddress,GENERAL,Standard,fallback
competitorproduct,PRODUCTENCATALOGUS P30,Standard,kw:product
competitorsalesliterature,GENERAL,Standard,fallback
complexcontrol,GENERAL,Standard,fallback
componentversion,GENERAL,Standard,fallback
componentversiondatasource,GENERAL,Standard,fallback
componentversionnrddatasource,GENERAL,Standard,fallback
connection,GENERAL,Standard,fallback
connectioninstance,GENERAL,Standard,fallback
connectionreference,GENERAL,Standard,fallback
connectionrole,GENERAL,Standard,fallback
connectionroleassociation,GENERAL,Standard,fallback
connectionroleobjecttypecode,GENERAL,Standard,fallback
connector,GENERAL,Standard,fallback
constraintbasedgroup,GENERAL,Standard,fallback
contact,CCSP CONTACTPERSONEN,Standard,exact
contactinvoices,CCSP CONTACTPERSONEN,Standard,kw:contact
contactleads,CCSP CONTACTPERSONEN,Standard,kw:contact
contactorders,CCSP CONTACTPERSONEN,Standard,kw:contact
contactquotes,CCSP CONTACTPERSONEN,Standard,kw:contact
contract,CONTRACTEN,Standard,kw:contract
contractdetail,CONTRACTEN,Standard,kw:contract
contracttemplate,CONTRACTEN,Standard,kw:contract
conversationtranscript,GENERAL,Standard,fallback
convertrule,GENERAL,Standard,fallback
convertruleitem,GENERAL,Standard,fallback
copilotexamplequestion,GENERAL,Standard,fallback
copilotglossaryterm,GENERAL,Standard,fallback
copilotsynonyms,GENERAL,Standard,fallback
cr0f3_svc_digitalfile_svc_relatedactionmultip,GENERAL,Standard,fallback
credential,GENERAL,Standard,fallback
customapi,GENERAL,Standard,fallback
customapirequestparameter,GENERAL,Standard,fallback
customapiresponseproperty,GENERAL,Standard,fallback
customcontrol,GENERAL,Standard,fallback
customcontroldefaultconfig,GENERAL,Standard,fallback
customcontrolresource,GENERAL,Standard,fallback
customeraddress,GENERAL,Standard,fallback
customeropportunityrole,GENERAL,Standard,fallback
customerrelationship,GENERAL,Standard,fallback
datalakefolder,GENERAL,Standard,fallback
datalakefolderpermission,GENERAL,Standard,fallback
datalakeworkspace,GENERAL,Standard,fallback
datalakeworkspacepermission,GENERAL,Standard,fallback
dataperformance,FUNCTIONERING,Standard,kw:performance
dataprocessingconfiguration,PROCESMANAGER,Standard,kw:process
datasyncstate,GENERAL,Standard,fallback
delegatedauthorization,GENERAL,Standard,fallback
deleteditemreference,GENERAL,Standard,fallback
delveactionhub,GENERAL,Standard,fallback
dependency,GENERAL,Standard,fallback
dependencyfeature,GENERAL,Standard,fallback
dependencynode,GENERAL,Standard,fallback
deploymentorchestration,GENERAL,Standard,fallback
desktopflowbinary,GENERAL,Standard,fallback
desktopflowmodule,GENERAL,Standard,fallback
discount,GENERAL,Standard,fallback
discounttype,GENERAL,Standard,fallback
displaystring,GENERAL,Standard,fallback
displaystringmap,GENERAL,Standard,fallback
documentindex,GENERAL,Standard,fallback
documenttemplate,GENERAL,Standard,fallback
duplicaterecord,GENERAL,Standard,fallback
duplicaterule,GENERAL,Standard,fallback
duplicaterulecondition,GENERAL,Standard,fallback
dvfilesearch,GENERAL,Standard,fallback
dvfilesearchattribute,GENERAL,Standard,fallback
dvfilesearchentity,GENERAL,Standard,fallback
dvtablesearch,GENERAL,Standard,fallback
dvtablesearchattribute,GENERAL,Standard,fallback
dvtablesearchentity,GENERAL,Standard,fallback
dynamicproperty,GENERAL,Standard,fallback
dynamicpropertyassociation,GENERAL,Standard,fallback
dynamicpropertyinstance,GENERAL,Standard,fallback
dynamicpropertyoptionsetitem,GENERAL,Standard,fallback
elasticfileattachment,GENERAL,Standard,fallback
email,GENERAL,Standard,exact
emailaddressconfiguration,GENERAL,Standard,fallback
emailhash,GENERAL,Standard,fallback
emailsearch,GENERAL,Standard,fallback
emailserverprofile,GENERAL,Standard,fallback
emailsignature,GENERAL,Standard,fallback
enablearchivalrequest,GENERAL,Standard,fallback
entitlement,GENERAL,Standard,fallback
entitlementchannel,GENERAL,Standard,fallback
entitlementcontacts,CCSP CONTACTPERSONEN,Standard,kw:contact
entitlemententityallocationtypemapping,GENERAL,Standard,fallback
entitlementproducts,PRODUCTENCATALOGUS P30,Standard,kw:product
entitlementtemplate,GENERAL,Standard,fallback
entitlementtemplatechannel,GENERAL,Standard,fallback
entitlementtemplateproducts,PRODUCTENCATALOGUS P30,Standard,kw:product
entity,GENERAL,Standard,fallback
entityanalyticsconfig,GENERAL,Standard,fallback
entityclusterconfig,GENERAL,Standard,fallback
entitydataprovider,GENERAL,Standard,fallback
entitydatasource,GENERAL,Standard,fallback
entityimageconfig,GENERAL,Standard,fallback
entityindex,GENERAL,Standard,fallback
entitykey,GENERAL,Standard,fallback
entitymap,GENERAL,Standard,fallback
entityrecordfilter,GENERAL,Standard,fallback
entityrelationship,GENERAL,Standard,fallback
environmentvariabledefinition,GENERAL,Standard,fallback
environmentvariablevalue,GENERAL,Standard,fallback
equipment,GENERAL,Standard,fallback
eventexpanderbreadcrumb,EVENEMENTEN,Standard,kw:event
exchangesyncidmapping,GENERAL,Standard,fallback
expanderevent,EVENEMENTEN,Standard,kw:event
expiredprocess,PROCESMANAGER,Standard,kw:process
exportedexcel,GENERAL,Standard,fallback
exportsolutionupload,GENERAL,Standard,fallback
externalparty,GENERAL,Standard,fallback
externalpartyitem,GENERAL,Standard,fallback
fabricaiskill,GENERAL,Standard,fallback
fax,GENERAL,Standard,fallback
featurecontrolsetting,GENERAL,Standard,fallback
federatedknowledgecitation,GENERAL,Standard,fallback
federatedknowledgeconfiguration,GENERAL,Standard,fallback
federatedknowledgeentityconfiguration,GENERAL,Standard,fallback
federatedknowledgemetadatarefresh,GENERAL,Standard,fallback
feedback,GENERAL,Standard,fallback
fieldpermission,GENERAL,Standard,fallback
fieldsecurityprofile,GENERAL,Standard,fallback
fileattachment,GENERAL,Standard,fallback
filtertemplate,GENERAL,Standard,fallback
fixedmonthlyfiscalcalendar,GENERAL,Standard,fallback
flowaggregation,GENERAL,Standard,fallback
flowcapacityassignment,GENERAL,Standard,fallback
flowcredentialapplication,GENERAL,Standard,fallback
flowevent,EVENEMENTEN,Standard,kw:event
flowlog,GENERAL,Standard,fallback
flowmachine,GENERAL,Standard,fallback
flowmachinegroup,GENERAL,Standard,fallback
flowmachineimage,GENERAL,Standard,fallback
flowmachineimageversion,GENERAL,Standard,fallback
flowmachinenetwork,GENERAL,Standard,fallback
flowrun,GENERAL,Standard,fallback
flowsession,GENERAL,Standard,fallback
fxexpression,GENERAL,Standard,fallback
gitbranch,GENERAL,Standard,fallback
gitconfigurationretrievaldatasource,GENERAL,Standard,fallback
gitorganization,CCSP ORGANISATIES,Standard,kw:organization
gitproject,GENERAL,Standard,fallback
gitrepository,GENERAL,Standard,fallback
globalsearchconfiguration,GENERAL,Standard,fallback
goal,GENERAL,Standard,fallback
goalrollupquery,GENERAL,Standard,fallback
governanceconfiguration,GENERAL,Standard,fallback
hierarchyrule,GENERAL,Standard,fallback
hierarchysecurityconfiguration,GENERAL,Standard,fallback
holidaywrapper,GENERAL,Standard,fallback
imagedescriptor,GENERAL,Standard,fallback
import,GENERAL,Standard,fallback
importdata,GENERAL,Standard,fallback
importentitymapping,GENERAL,Standard,fallback
importfile,GENERAL,Standard,fallback
importjob,GENERAL,Standard,fallback
importlog,GENERAL,Standard,fallback
importmap,GENERAL,Standard,fallback
incident,BEHEER VAN ZAKEN EN DOSSIERS,Standard,exact
incidentknowledgebaserecord,MELDINGEN,Standard,kw:incident
incidentresolution,MELDINGEN,Standard,kw:incident
indexattributes,GENERAL,Standard,fallback
indexedtrait,GENERAL,Standard,fallback
integrationstatus,GENERAL,Standard,fallback
intelligentmemory,GENERAL,Standard,fallback
interactionforemail,GENERAL,Standard,fallback
internaladdress,GENERAL,Standard,fallback
internalcatalogassignment,PRODUCTENCATALOGUS P30,Standard,kw:catalog
interprocesslock,PROCESMANAGER,Standard,kw:process
invaliddependency,GENERAL,Standard,fallback
invoice,GENERAL,Standard,fallback
invoicedetail,GENERAL,Standard,fallback
isvconfig,GENERAL,Standard,fallback
kbarticle,GENERAL,Standard,fallback
kbarticlecomment,GENERAL,Standard,fallback
kbarticletemplate,GENERAL,Standard,fallback
keyvaultreference,GENERAL,Standard,fallback
knowledgearticle,GENERAL,Standard,fallback
knowledgearticleincident,MELDINGEN,Standard,kw:incident
knowledgearticlescategories,GENERAL,Standard,fallback
knowledgearticleviews,GENERAL,Standard,fallback
knowledgebaserecord,GENERAL,Standard,fallback
knowledgefaq,GENERAL,Standard,fallback
knowledgesearchmodel,GENERAL,Standard,fallback
languagelocale,GENERAL,Standard,fallback
languageprovisioningstate,GENERAL,Standard,fallback
lb_associationregisterrole,GENERAL,Custom,fallback
lb_lbrelease,GENERAL,Custom,fallback
lb_lbreleasedata,GENERAL,Custom,fallback
lb_lbreleasedeveloper,GENERAL,Custom,fallback
lb_lbreleasemodule,GENERAL,Custom,fallback
lb_lbreleasenote,GENERAL,Custom,fallback
lb_mappingtable,GENERAL,Custom,fallback
lb_meetingattendance,VERGADERBEHEER,Custom,kw:meeting
lead,GENERAL,Standard,exact
leadaddress,GENERAL,Standard,fallback
leadcompetitors,GENERAL,Standard,fallback
leadproduct,PRODUCTENCATALOGUS P30,Standard,kw:product
leadtoopportunitysalesprocess,PROCESMANAGER,Standard,kw:process
letter,GENERAL,Standard,fallback
li_inmail,GENERAL,Standard,fallback
li_message,GENERAL,Standard,fallback
li_pointdrivepresentationviewed,GENERAL,Standard,fallback
license,GENERAL,Standard,fallback
list,GENERAL,Standard,fallback
listmember,GENERAL,Standard,fallback
listoperation,GENERAL,Standard,fallback
localconfigstore,GENERAL,Standard,fallback
lookupmapping,GENERAL,Standard,fallback
mailbox,GENERAL,Standard,fallback
mailboxstatistics,GENERAL,Standard,fallback
mailboxtrackingcategory,GENERAL,Standard,fallback
mailboxtrackingfolder,GENERAL,Standard,fallback
mailmergetemplate,GENERAL,Standard,fallback
mainfewshot,GENERAL,Standard,fallback
makerfewshot,GENERAL,Standard,fallback
managedidentity,GENERAL,Standard,fallback
managedproperty,GENERAL,Standard,fallback
marketingformdisplayattributes,GENERAL,Standard,fallback
maskingrule,GENERAL,Standard,fallback
mbs_pluginprofile,GENERAL,Standard,fallback
metadatadifference,GENERAL,Standard,fallback
metadataforarchival,GENERAL,Standard,fallback
metric,GENERAL,Standard,fallback
mobileofflineprofile,GENERAL,Standard,fallback
mobileofflineprofileextension,GENERAL,Standard,fallback
mobileofflineprofileitem,GENERAL,Standard,fallback
mobileofflineprofileitemassociation,GENERAL,Standard,fallback
mobileofflineprofileitemfilter,GENERAL,Standard,fallback
monthlyfiscalcalendar,GENERAL,Standard,fallback
msdyn_accountkpiitem,CCSP ORGANISATIES,Custom,kw:account
msdyn_accountresearchagenttrigger,CCSP ORGANISATIES,Custom,kw:account
msdyn_accountresearchresult,CCSP ORGANISATIES,Custom,kw:account
msdyn_actioncardactionstat,GENERAL,Custom,fallback
msdyn_actioncardregarding,GENERAL,Custom,fallback
msdyn_actioncardrolesetting,GENERAL,Custom,fallback
msdyn_actioncardstataggregation,GENERAL,Custom,fallback
msdyn_activeicdextension,GENERAL,Custom,fallback
msdyn_activityanalysiscleanupstate,GENERAL,Custom,fallback
msdyn_activityanalysisconfig,GENERAL,Custom,fallback
msdyn_activitymapping,GENERAL,Custom,fallback
msdyn_adaptivecardconfiguration,GENERAL,Custom,fallback
msdyn_adjustmenthistory,GENERAL,Custom,fallback
msdyn_adminappstate,GENERAL,Custom,fallback
msdyn_agentcapacityprofileunit,GENERAL,Custom,fallback
msdyn_agentcapacityupdatehistory,GENERAL,Custom,fallback
msdyn_agentchannelstate,GENERAL,Custom,fallback
msdyn_agentconfiguration,GENERAL,Custom,fallback
msdyn_agentcopilotsetting,GENERAL,Custom,fallback
msdyn_agentgroup,GENERAL,Custom,fallback
msdyn_agentgrouplanguage,GENERAL,Custom,fallback
msdyn_agentgroupmatchingcriteria,GENERAL,Custom,fallback
msdyn_agentgroupmembership,GENERAL,Custom,fallback
msdyn_agentgroupregion,GENERAL,Custom,fallback
msdyn_agentlanguage,GENERAL,Custom,fallback
msdyn_agentmatchingcriteria,GENERAL,Custom,fallback
msdyn_agentregion,GENERAL,Custom,fallback
msdyn_agentresourceforecasting,GENERAL,Custom,fallback
msdyn_agentsetting,GENERAL,Custom,fallback
msdyn_agentstatus,GENERAL,Custom,fallback
msdyn_agentstatushistory,GENERAL,Custom,fallback
msdyn_ai_casetopic,BEHEER VAN ZAKEN EN DOSSIERS,Custom,kw:case
msdyn_ai_casetopic_incident,MELDINGEN,Custom,kw:incident
msdyn_ai_casetopicclustersnapshot,BEHEER VAN ZAKEN EN DOSSIERS,Custom,kw:case
msdyn_aiagentstatus,GENERAL,Custom,fallback
msdyn_aibdataset,GENERAL,Custom,fallback
msdyn_aibdatasetfile,GENERAL,Custom,fallback
msdyn_aibdatasetrecord,GENERAL,Custom,fallback
msdyn_aibdatasetscontainer,GENERAL,Custom,fallback
msdyn_aibfeedbackloop,GENERAL,Custom,fallback
msdyn_aibfile,GENERAL,Custom,fallback
msdyn_aibfileattacheddata,GENERAL,Custom,fallback
msdyn_aiconfiguration,GENERAL,Custom,fallback
msdyn_aiconfiguration_documenttemplate,GENERAL,Custom,fallback
msdyn_aicontactsuggestion,CCSP CONTACTPERSONEN,Custom,kw:contact
msdyn_aidataprocessingevent,EVENEMENTEN,Custom,kw:event
msdyn_aidocumenttemplate,GENERAL,Custom,fallback
msdyn_aievaluationconfiguration,FUNCTIONERING,Custom,kw:evaluation
msdyn_aievaluationrun,FUNCTIONERING,Custom,kw:evaluation
msdyn_aievent,EVENEMENTEN,Custom,kw:event
msdyn_aifptrainingdocument,GENERAL,Custom,fallback
msdyn_aimodel,GENERAL,Custom,fallback
msdyn_aimodelcatalog,PRODUCTENCATALOGUS P30,Custom,kw:catalog
msdyn_aiodimage,INNAME OPENBAAR DOMEIN,Custom,kw:iod
msdyn_aiodlabel,INNAME OPENBAAR DOMEIN,Custom,kw:iod
msdyn_aiodlabel_msdyn_aiconfiguration,INNAME OPENBAAR DOMEIN,Custom,kw:iod
msdyn_aiodtrainingboundingbox,INNAME OPENBAAR DOMEIN,Custom,kw:iod
msdyn_aiodtrainingimage,INNAME OPENBAAR DOMEIN,Custom,kw:iod
msdyn_aitemplate,GENERAL,Custom,fallback
msdyn_aitestcase,BEHEER VAN ZAKEN EN DOSSIERS,Custom,kw:case
msdyn_aitestcasedocument,BEHEER VAN ZAKEN EN DOSSIERS,Custom,kw:case
msdyn_aitestcaseinput,BEHEER VAN ZAKEN EN DOSSIERS,Custom,kw:case
msdyn_aitestrun,GENERAL,Custom,fallback
msdyn_aitestrunbatch,GENERAL,Custom,fallback
msdyn_analysiscomponent,GENERAL,Custom,fallback
msdyn_analysisjob,GENERAL,Custom,fallback
msdyn_analysisoverride,GENERAL,Custom,fallback
msdyn_analysisresult,GENERAL,Custom,fallback
msdyn_analysisresultdetail,GENERAL,Custom,fallback
msdyn_analytics,GENERAL,Custom,fallback
msdyn_analyticsadminsettings,GENERAL,Custom,fallback
msdyn_analyticsforcs,GENERAL,Custom,fallback
msdyn_appconfig_msdyn_channelprovider,GENERAL,Custom,fallback
msdyn_appconfiguration,GENERAL,Custom,fallback
msdyn_appconfiguration_applicationextension,GENERAL,Custom,fallback
msdyn_appconfiguration_sessiontemplate,GENERAL,Custom,fallback
msdyn_appconfiguration_systemuser,GENERAL,Custom,fallback
msdyn_appcopilotconfiguration,GENERAL,Custom,fallback
msdyn_appinsightsmetadata,GENERAL,Custom,fallback
msdyn_applicationextension,GENERAL,Custom,fallback
msdyn_applicationtabtemplate,GENERAL,Custom,fallback
msdyn_appprofilerolemapping,GENERAL,Custom,fallback
msdyn_appstate,GENERAL,Custom,fallback
msdyn_assetcategorytemplateassociation,GENERAL,Custom,fallback
msdyn_assettemplateassociation,GENERAL,Custom,fallback
msdyn_assignmentconfiguration,GENERAL,Custom,fallback
msdyn_assignmentconfigurationstep,GENERAL,Custom,fallback
msdyn_assignmentmap,GENERAL,Custom,fallback
msdyn_assignmentrule,GENERAL,Custom,fallback
msdyn_attribute,GENERAL,Custom,fallback
msdyn_attributeinfluencestatistics,GENERAL,Custom,fallback
msdyn_attributevalue,GENERAL,Custom,fallback
msdyn_authenticationsettings,GENERAL,Custom,fallback
msdyn_authsettingsentry,GENERAL,Custom,fallback
msdyn_autocapturerule,GENERAL,Custom,fallback
msdyn_autocapturesettings,GENERAL,Custom,fallback
msdyn_autocaseclosureagentactivity,BEHEER VAN ZAKEN EN DOSSIERS,Custom,kw:case
msdyn_autocaseclosureagentmonitoring,BEHEER VAN ZAKEN EN DOSSIERS,Custom,kw:case
msdyn_autonomousagentmapping,GENERAL,Custom,fallback
msdyn_autonomouscasecreationrule,BEHEER VAN ZAKEN EN DOSSIERS,Custom,kw:case
msdyn_autonomousprofile,GENERAL,Custom,fallback
msdyn_bookableresourcecapacityprofile,GENERAL,Custom,fallback
msdyn_botsession,GENERAL,Custom,fallback
msdyn_botusermapping,GENERAL,Custom,fallback
msdyn_businessprofile,GENERAL,Custom,fallback
msdyn_callablecontext,GENERAL,Custom,fallback
msdyn_callablecontext_msdyn_playbooktemplate,GENERAL,Custom,fallback
msdyn_cannedmessage,GENERAL,Custom,fallback
msdyn_capacityprofile,GENERAL,Custom,fallback
msdyn_caseaiprediction,BEHEER VAN ZAKEN EN DOSSIERS,Custom,kw:case
msdyn_caseenrichment,BEHEER VAN ZAKEN EN DOSSIERS,Custom,kw:case
msdyn_casefollowupandclosureconfiguration,BEHEER VAN ZAKEN EN DOSSIERS,Custom,kw:case
msdyn_casesentimentsetting,BEHEER VAN ZAKEN EN DOSSIERS,Custom,kw:case
msdyn_casesuggestion,BEHEER VAN ZAKEN EN DOSSIERS,Custom,kw:case
msdyn_casesuggestionrequestpayload,BEHEER VAN ZAKEN EN DOSSIERS,Custom,kw:case
msdyn_casesuggestionsdatasource,BEHEER VAN ZAKEN EN DOSSIERS,Custom,kw:case
msdyn_casetopic,BEHEER VAN ZAKEN EN DOSSIERS,Custom,kw:case
msdyn_casetopic_incident,MELDINGEN,Custom,kw:incident
msdyn_casetopicsetting,BEHEER VAN ZAKEN EN DOSSIERS,Custom,kw:case
msdyn_casetopicsummary,BEHEER VAN ZAKEN EN DOSSIERS,Custom,kw:case
msdyn_cdsentityengagementctx,GENERAL,Custom,fallback
msdyn_channelcapability,GENERAL,Custom,fallback
msdyn_channeldefinition,GENERAL,Custom,fallback
msdyn_channeldefinitionconsent,GENERAL,Custom,fallback
msdyn_channeldefinitionlocale,GENERAL,Custom,fallback
msdyn_channelinstance,GENERAL,Custom,fallback
msdyn_channelinstanceaccount,CCSP ORGANISATIES,Custom,kw:account
msdyn_channelmessageattachment,GENERAL,Custom,fallback
msdyn_channelmessagecontextpart,GENERAL,Custom,fallback
msdyn_channelmessagepart,GENERAL,Custom,fallback
msdyn_channelprovider,GENERAL,Custom,fallback
msdyn_chtprofileconfiguration,GENERAL,Custom,fallback
msdyn_ciprovider,GENERAL,Custom,fallback
msdyn_ciprovider_systemuser,GENERAL,Custom,fallback
msdyn_collabgraphresource,GENERAL,Custom,fallback
msdyn_collabspaceteamassociation,GENERAL,Custom,fallback
msdyn_competitorresearchagenttrigger,GENERAL,Custom,fallback
msdyn_componentlayer,GENERAL,Custom,fallback
msdyn_componentlayerdatasource,GENERAL,Custom,fallback
msdyn_connectordatasource,GENERAL,Custom,fallback
msdyn_connectordatasource_environmentva,GENERAL,Custom,fallback
msdyn_consoleapplicationnotificationfield,GENERAL,Custom,fallback
msdyn_consoleapplicationnotificationtemplate,GENERAL,Custom,fallback
msdyn_consoleapplicationsessiontemplate,GENERAL,Custom,fallback
msdyn_consoleapplicationtemplate,GENERAL,Custom,fallback
msdyn_consoleapplicationtemplateparameter,GENERAL,Custom,fallback
msdyn_consoleapplicationtype,GENERAL,Custom,fallback
msdyn_consoleappparameterdefinition,GENERAL,Custom,fallback
msdyn_consumingapplication,GENERAL,Custom,fallback
msdyn_contactkpiitem,CCSP CONTACTPERSONEN,Custom,kw:contact
msdyn_contactsuggestionrule,CCSP CONTACTPERSONEN,Custom,kw:contact
msdyn_contactsuggestionruleset,CCSP CONTACTPERSONEN,Custom,kw:contact
msdyn_conversationaction,GENERAL,Custom,fallback
msdyn_conversationactionitem,GENERAL,Custom,fallback
msdyn_conversationactionlocale,GENERAL,Custom,fallback
msdyn_conversationaggregatedinsights,GENERAL,Custom,fallback
msdyn_conversationcomment,GENERAL,Custom,fallback
msdyn_conversationdata,GENERAL,Custom,fallback
msdyn_conversationdispositioncodemap,GENERAL,Custom,fallback
msdyn_conversationinsight,GENERAL,Custom,fallback
msdyn_conversationmessageblock,GENERAL,Custom,fallback
msdyn_conversationparticipantinsights,GENERAL,Custom,fallback
msdyn_conversationparticipantsentiment,GENERAL,Custom,fallback
msdyn_conversationquestion,GENERAL,Custom,fallback
msdyn_conversationsegmentsentiment,GENERAL,Custom,fallback
msdyn_conversationsentiment,GENERAL,Custom,fallback
msdyn_conversationsignal,GENERAL,Custom,fallback
msdyn_conversationsubject,GENERAL,Custom,fallback
msdyn_conversationsuggestionrequestpayload,GENERAL,Custom,fallback
msdyn_conversationsummaryinteraction,GENERAL,Custom,fallback
msdyn_conversationsummarysetting,GENERAL,Custom,fallback
msdyn_conversationsummarysuggestion,GENERAL,Custom,fallback
msdyn_conversationsystemtag,GENERAL,Custom,fallback
msdyn_conversationtag,GENERAL,Custom,fallback
msdyn_conversationtopic,GENERAL,Custom,fallback
msdyn_conversationtopic_conversation,GENERAL,Custom,fallback
msdyn_conversationtopicsetting,GENERAL,Custom,fallback
msdyn_conversationtopicsummary,GENERAL,Custom,fallback
msdyn_convertrule_queue_association,GENERAL,Custom,fallback
msdyn_copilotagentpreference,GENERAL,Custom,fallback
msdyn_copilotcaseformfillsetting,BEHEER VAN ZAKEN EN DOSSIERS,Custom,kw:case
msdyn_copilotevent,EVENEMENTEN,Custom,kw:event
msdyn_copilotinteraction,GENERAL,Custom,fallback
msdyn_copilotinteractiondata,GENERAL,Custom,fallback
msdyn_copilotinteractions,GENERAL,Custom,fallback
msdyn_copilotknowledgeinteraction,GENERAL,Custom,fallback
msdyn_copilotsummarizationsetting,GENERAL,Custom,fallback
msdyn_copilottranscript,GENERAL,Custom,fallback
msdyn_copilottranscriptdata,GENERAL,Custom,fallback
msdyn_crmconnection,GENERAL,Custom,fallback
msdyn_csadminconfig,GENERAL,Custom,fallback
msdyn_cskeyvalueconfig,GENERAL,Custom,fallback
msdyn_customapirulesetconfiguration,GENERAL,Custom,fallback
msdyn_customcontrolextendedsettings,GENERAL,Custom,fallback
msdyn_customerasset,GENERAL,Custom,fallback
msdyn_customerassetattachment,GENERAL,Custom,fallback
msdyn_customerassetcategory,GENERAL,Custom,fallback
msdyn_customeremailcommunication,GENERAL,Custom,fallback
msdyn_customerfeedbacksurvey,GENERAL,Custom,fallback
msdyn_customerfeedbacksurveyinvite,GENERAL,Custom,fallback
msdyn_customerfeedbacksurveyresponse,GENERAL,Custom,fallback
msdyn_dailyaccountkpiitem,CCSP ORGANISATIES,Custom,kw:account
msdyn_dailycontactkpiitem,CCSP CONTACTPERSONEN,Custom,kw:contact
msdyn_dailyleadkpiitem,GENERAL,Custom,fallback
msdyn_dailyopportunitykpiitem,GENERAL,Custom,fallback
msdyn_dataanalyticscustomizedreport,GENERAL,Custom,fallback
msdyn_dataanalyticsdataset,GENERAL,Custom,fallback
msdyn_dataanalyticsreport,GENERAL,Custom,fallback
msdyn_dataanalyticsreport_copilot,GENERAL,Custom,fallback
msdyn_dataanalyticsreport_csrmanager,GENERAL,Custom,fallback
msdyn_dataanalyticsreport_email,GENERAL,Custom,fallback
msdyn_dataanalyticsreport_forecast,GENERAL,Custom,fallback
msdyn_dataanalyticsreport_ksinsights,GENERAL,Custom,fallback
msdyn_dataanalyticsreport_mc,GENERAL,Custom,fallback
msdyn_dataanalyticsreport_oc,GENERAL,Custom,fallback
msdyn_dataanalyticsreport_oc_rt,GENERAL,Custom,fallback
msdyn_dataanalyticsreport_ocvoice,GENERAL,Custom,fallback
msdyn_dataanalyticsreport_sareporting,GENERAL,Custom,fallback
msdyn_dataanalyticsreport_sutreporting,GENERAL,Custom,fallback
msdyn_dataanalyticsreport_ur_recordrouting_rt,GENERAL,Custom,fallback
msdyn_dataanalyticsworkspace,GENERAL,Custom,fallback
msdyn_databaseversion,GENERAL,Custom,fallback
msdyn_dataflow,GENERAL,Custom,fallback
msdyn_dataflow_datalakefolder,GENERAL,Custom,fallback
msdyn_dataflowconnectionreference,GENERAL,Custom,fallback
msdyn_dataflowrefreshhistory,GENERAL,Custom,fallback
msdyn_dataflowtemplate,GENERAL,Custom,fallback
msdyn_datahygienesettinginfo,GENERAL,Custom,fallback
msdyn_datainsightsandanalyticsfeature,GENERAL,Custom,fallback
msdyn_datalakeds,GENERAL,Custom,fallback
msdyn_dataworkspace,GENERAL,Custom,fallback
msdyn_dealmanageraccess,GENERAL,Custom,fallback
msdyn_dealmanagersettings,GENERAL,Custom,fallback
msdyn_decisioncontract,CONTRACTEN,Custom,kw:contract
msdyn_decisionruleset,GENERAL,Custom,fallback
msdyn_defextendedchannelinstance,GENERAL,Custom,fallback
msdyn_defextendedchannelinstanceaccount,CCSP ORGANISATIES,Custom,kw:account
msdyn_deletedconversation,GENERAL,Custom,fallback
msdyn_derivedinsightsrelatedentity,GENERAL,Custom,fallback
msdyn_digitalsellingactivetask,GENERAL,Custom,fallback
msdyn_digitalsellingcompletedtask,GENERAL,Custom,fallback
msdyn_dispositioncodecategory,GENERAL,Custom,fallback
msdyn_distributedlock,GENERAL,Custom,fallback
msdyn_dmsrequest,GENERAL,Custom,fallback
msdyn_dmsrequeststatus,GENERAL,Custom,fallback
msdyn_dmssyncrequest,GENERAL,Custom,fallback
msdyn_dmssyncstatus,GENERAL,Custom,fallback
msdyn_duplicatedetectionpluginrun,GENERAL,Custom,fallback
msdyn_duplicateleadmapping,GENERAL,Custom,fallback
msdyn_effortpredictionresult,GENERAL,Custom,fallback
msdyn_emailsentiment,GENERAL,Custom,fallback
msdyn_engageandreadinessagentresult,GENERAL,Custom,fallback
msdyn_engagereadinessagentresult,GENERAL,Custom,fallback
msdyn_entityattachment,GENERAL,Custom,fallback
msdyn_entityattributepredictionrule,GENERAL,Custom,fallback
msdyn_entityconfig,GENERAL,Custom,fallback
msdyn_entitydeltachange,GENERAL,Custom,fallback
msdyn_entityderivedinsight,GENERAL,Custom,fallback
msdyn_entitylinkchatconfiguration,GENERAL,Custom,fallback
msdyn_entityrankingrule,GENERAL,Custom,fallback
msdyn_entityrefreshhistory,GENERAL,Custom,fallback
msdyn_entityroutingconfiguration,GENERAL,Custom,fallback
msdyn_entityworkstreammap,GENERAL,Custom,fallback
msdyn_evaluation,FUNCTIONERING,Custom,kw:evaluation
msdyn_evaluationcategory,FUNCTIONERING,Custom,kw:evaluation
msdyn_evaluationcriteria,FUNCTIONERING,Custom,kw:evaluation
msdyn_evaluationcriteriaversion,FUNCTIONERING,Custom,kw:evaluation
msdyn_evaluationglobalconfig,FUNCTIONERING,Custom,kw:evaluation
msdyn_evaluationinputconfig,FUNCTIONERING,Custom,kw:evaluation
msdyn_evaluationlocalizedcontent,WEBCONTENT,Custom,kw:content
msdyn_evaluationplan,FUNCTIONERING,Custom,kw:evaluation
msdyn_evaluationplanbatch,FUNCTIONERING,Custom,kw:evaluation
msdyn_evaluationplanontriggerbacklog,FUNCTIONERING,Custom,kw:evaluation
msdyn_evaluationplanrun,FUNCTIONERING,Custom,kw:evaluation
msdyn_evaluationquestion,FUNCTIONERING,Custom,kw:evaluation
msdyn_extendedusersetting,GENERAL,Custom,fallback
msdyn_externalcrm,GENERAL,Custom,fallback
msdyn_externalrecord,GENERAL,Custom,fallback
msdyn_favoriteknowledgearticle,GENERAL,Custom,fallback
msdyn_federatedarticle,GENERAL,Custom,fallback
msdyn_federatedarticleincident,MELDINGEN,Custom,kw:incident
msdyn_fileupload,GENERAL,Custom,fallback
msdyn_fileuploadstatustracker,GENERAL,Custom,fallback
msdyn_flow_actionapprovalmodel,GENERAL,Custom,fallback
msdyn_flow_actionapprovalmodel_systemuser,GENERAL,Custom,fallback
msdyn_flow_actionapprovalmodel_team,GENERAL,Custom,fallback
msdyn_flow_approval,GENERAL,Custom,fallback
msdyn_flow_approvalrequest,GENERAL,Custom,fallback
msdyn_flow_approvalresponse,GENERAL,Custom,fallback
msdyn_flow_approvalstep,GENERAL,Custom,fallback
msdyn_flow_awaitallactionapprovalmodel,GENERAL,Custom,fallback
msdyn_flow_awaitallactionapprovalmodel_team,GENERAL,Custom,fallback
msdyn_flow_awaitallactionapprovalmodel_user,GENERAL,Custom,fallback
msdyn_flow_awaitallapprovalmodel,GENERAL,Custom,fallback
msdyn_flow_awaitallmodel_systemuser,GENERAL,Custom,fallback
msdyn_flow_awaitallmodel_team,GENERAL,Custom,fallback
msdyn_flow_basicapprovalmodel,GENERAL,Custom,fallback
msdyn_flow_basicapprovalmodel_systemuser,GENERAL,Custom,fallback
msdyn_flow_basicapprovalmodel_team,GENERAL,Custom,fallback
msdyn_flow_flowapproval,GENERAL,Custom,fallback
msdyn_flowcardtype,GENERAL,Custom,fallback
msdyn_forecast,GENERAL,Custom,fallback
msdyn_forecastconfiguration,GENERAL,Custom,fallback
msdyn_forecastdefinition,GENERAL,Custom,fallback
msdyn_forecastingcache,GENERAL,Custom,fallback
msdyn_forecastinsight,GENERAL,Custom,fallback
msdyn_forecastinstance,GENERAL,Custom,fallback
msdyn_forecastpredictiondata,GENERAL,Custom,fallback
msdyn_forecastpredictionstatus,GENERAL,Custom,fallback
msdyn_forecastrecurrence,GENERAL,Custom,fallback
msdyn_forecastsettingsandsummary,GENERAL,Custom,fallback
msdyn_formmapping,GENERAL,Custom,fallback
msdyn_function,GENERAL,Custom,fallback
msdyn_functionallocation,GENERAL,Custom,fallback
msdyn_functionallocationtype,GENERAL,Custom,fallback
msdyn_gdprdata,GENERAL,Custom,fallback
msdyn_helppage,WEBCONTENT,Custom,kw:page
msdyn_hierarchyconfiguration,GENERAL,Custom,fallback
msdyn_historicalcaseharvestbatch,BEHEER VAN ZAKEN EN DOSSIERS,Custom,kw:case
msdyn_historicalcaseharvestrun,BEHEER VAN ZAKEN EN DOSSIERS,Custom,kw:case
msdyn_icdextension,GENERAL,Custom,fallback
msdyn_icebreakersconfig,GENERAL,Custom,fallback
msdyn_iermlmodel,GENERAL,Custom,fallback
msdyn_iermltraining,GENERAL,Custom,fallback
msdyn_inboxcardconfiguration,GENERAL,Custom,fallback
msdyn_inboxconfiguration,GENERAL,Custom,fallback
msdyn_inboxentityconfig,GENERAL,Custom,fallback
msdyn_inboxpersonalizedconfiguration,CCSP PERSONEN,Custom,kw:person
msdyn_incident_msdyn_customerasset,MELDINGEN,Custom,kw:incident
msdyn_insightsstorevirtualentity,GENERAL,Custom,fallback
msdyn_integratedsearchprovider,GENERAL,Custom,fallback
msdyn_intent,GENERAL,Custom,fallback
msdyn_intentattribute,GENERAL,Custom,fallback
msdyn_intentattribute_entity,GENERAL,Custom,fallback
msdyn_intentattributeset,GENERAL,Custom,fallback
msdyn_intentconfig,GENERAL,Custom,fallback
msdyn_intentcontexthistory,GENERAL,Custom,fallback
msdyn_intententity,GENERAL,Custom,fallback
msdyn_intententity_backfillstatus,GENERAL,Custom,fallback
msdyn_intentfamily,GENERAL,Custom,fallback
msdyn_intentfamily_harvestingconfiguration,GENERAL,Custom,fallback
msdyn_intentfeature_configuration,GENERAL,Custom,fallback
msdyn_intentgroupcondition,GENERAL,Custom,fallback
msdyn_intentharvesting_batchjobstatus,GENERAL,Custom,fallback
msdyn_intentharvesting_batchjobstatusdetail,GENERAL,Custom,fallback
msdyn_intentharvesting_provisioning_status,GENERAL,Custom,fallback
msdyn_intentmetrics,GENERAL,Custom,fallback
msdyn_intentmetrics_aggregate,GENERAL,Custom,fallback
msdyn_intentmetrics_jobdata,GENERAL,Custom,fallback
msdyn_intentplaybook,GENERAL,Custom,fallback
msdyn_intentplaybookmap,GENERAL,Custom,fallback
msdyn_intentsolution_mappingconfiguration,GENERAL,Custom,fallback
msdyn_intentsolutionmap,GENERAL,Custom,fallback
msdyn_iotalert,GENERAL,Custom,fallback
msdyn_iotdevice,GENERAL,Custom,fallback
msdyn_iotdevicecategory,GENERAL,Custom,fallback
msdyn_iotdevicecategorycommands,GENERAL,Custom,fallback
msdyn_iotdevicecommand,GENERAL,Custom,fallback
msdyn_iotdevicecommanddefinition,GENERAL,Custom,fallback
msdyn_iotdevicecommandparameters,GENERAL,Custom,fallback
msdyn_iotdevicedatahistory,GENERAL,Custom,fallback
msdyn_iotdeviceproperty,GENERAL,Custom,fallback
msdyn_iotdeviceregistrationhistory,GENERAL,Custom,fallback
msdyn_iotdevicevisualizationconfiguration,GENERAL,Custom,fallback
msdyn_iotfieldmapping,GENERAL,Custom,fallback
msdyn_iotpropertydefinition,GENERAL,Custom,fallback
msdyn_iotprovider,GENERAL,Custom,fallback
msdyn_iotproviderinstance,GENERAL,Custom,fallback
msdyn_iotsettings,GENERAL,Custom,fallback
msdyn_iottocaseprocess,BEHEER VAN ZAKEN EN DOSSIERS,Custom,kw:case
msdyn_kalanguagesetting,GENERAL,Custom,fallback
msdyn_kbattachment,GENERAL,Custom,fallback
msdyn_kbenrichment,GENERAL,Custom,fallback
msdyn_kbkeywordsdescsuggestionsetting,GENERAL,Custom,fallback
msdyn_kmfederatedsearchconfig,GENERAL,Custom,fallback
msdyn_kmpersonalizationsetting,CCSP PERSONEN,Custom,kw:person
msdyn_knowledgearticle_knowledgearticle,GENERAL,Custom,fallback
msdyn_knowledgearticleimage,GENERAL,Custom,fallback
msdyn_knowledgearticlesuggestion,GENERAL,Custom,fallback
msdyn_knowledgearticlesuggestiondatasource,GENERAL,Custom,fallback
msdyn_knowledgearticletemplate,GENERAL,Custom,fallback
msdyn_knowledgeassetconfiguration,GENERAL,Custom,fallback
msdyn_knowledgeconfiguration,GENERAL,Custom,fallback
msdyn_knowledgeharvestjobrecord,GENERAL,Custom,fallback
msdyn_knowledgeinteractioninsight,GENERAL,Custom,fallback
msdyn_knowledgemanagementsetting,GENERAL,Custom,fallback
msdyn_knowledgepersonalfilter,CCSP PERSONEN,Custom,kw:person
msdyn_knowledgesearchfilter,GENERAL,Custom,fallback
msdyn_knowledgesearchinsight,GENERAL,Custom,fallback
msdyn_kpieventdata,EVENEMENTEN,Custom,kw:event
msdyn_kpieventdefinition,EVENEMENTEN,Custom,kw:event
msdyn_language,GENERAL,Custom,fallback
msdyn_lastagent,PROCESMANAGER,Custom,kw:stage
msdyn_lastmessageinfo,GENERAL,Custom,fallback
msdyn_leadagentresult,GENERAL,Custom,fallback
msdyn_leaddelinkresult,GENERAL,Custom,fallback
msdyn_leademailextension,GENERAL,Custom,fallback
msdyn_leadhygienesetting,GENERAL,Custom,fallback
msdyn_leadintelligenceinsight,GENERAL,Custom,fallback
msdyn_leadintelligenceinsightentitylink,GENERAL,Custom,fallback
msdyn_leadkpiitem,GENERAL,Custom,fallback
msdyn_leadmodelconfig,GENERAL,Custom,fallback
msdyn_linkedentityattributevalidity,GENERAL,Custom,fallback
msdyn_liveconversation,GENERAL,Custom,fallback
msdyn_liveconversationcountercondition,GENERAL,Custom,fallback
msdyn_liveworkitemevent,EVENEMENTEN,Custom,kw:event
msdyn_liveworkstream,GENERAL,Custom,fallback
msdyn_liveworkstreamcapacityprofile,GENERAL,Custom,fallback
msdyn_locationtemplateassociation,GENERAL,Custom,fallback
msdyn_locationtypetemplateassociation,GENERAL,Custom,fallback
msdyn_lockstatus,GENERAL,Custom,fallback
msdyn_macrosession,GENERAL,Custom,fallback
msdyn_maskingrule,GENERAL,Custom,fallback
msdyn_masterentityroutingconfiguration,GENERAL,Custom,fallback
msdyn_matchingcriteria,GENERAL,Custom,fallback
msdyn_migrationtracker,GENERAL,Custom,fallback
msdyn_mobileapp,GENERAL,Custom,fallback
msdyn_modelpreviewstatus,GENERAL,Custom,fallback
msdyn_modulerundetail,GENERAL,Custom,fallback
msdyn_mostcontacted,CCSP CONTACTPERSONEN,Custom,kw:contact
msdyn_mostcontactedby,CCSP CONTACTPERSONEN,Custom,kw:contact
msdyn_msdyn_attributevalue_systemuser,GENERAL,Custom,fallback
msdyn_msdyn_cannedmessage_liveworkstream,GENERAL,Custom,fallback
msdyn_msdyn_cannedmessage_msdyn_octag,GENERAL,Custom,fallback
msdyn_msdyn_consoleapplicationnotificationtag,GENERAL,Custom,fallback
msdyn_msdyn_consoleapplicationnotificationtem,GENERAL,Custom,fallback
msdyn_msdyn_consoleapplicationsessiontemp_tag,GENERAL,Custom,fallback
msdyn_msdyn_consoleapplicationsessiontemplate,GENERAL,Custom,fallback
msdyn_msdyn_consoleapplicationtemplate_msdyn_,GENERAL,Custom,fallback
msdyn_msdyn_consoleapplicationtemplate_tags,GENERAL,Custom,fallback
msdyn_msdyn_consoleapplicationtype_msdyn_cons,GENERAL,Custom,fallback
msdyn_msdyn_customerasset_knowledgearticl,GENERAL,Custom,fallback
msdyn_msdyn_customerasset_knowledgebasere,GENERAL,Custom,fallback
msdyn_msdyn_functionallocation_account,CCSP ORGANISATIES,Custom,kw:account
msdyn_msdyn_kbattachment_knowledgearticle,GENERAL,Custom,fallback
msdyn_msdyn_liveworkstream_systemuser,GENERAL,Custom,fallback
msdyn_msdyn_ocliveworkitem_knowledgeartic,GENERAL,Custom,fallback
msdyn_msdyn_ocliveworkitem_knowledgebaser,GENERAL,Custom,fallback
msdyn_msdyn_ocrichobject_liveworkstream,GENERAL,Custom,fallback
msdyn_msdyn_ocrichobject_msdyn_octag,GENERAL,Custom,fallback
msdyn_msdyn_paneconfig_msdyn_appconfig,GENERAL,Custom,fallback
msdyn_msdyn_personalmessage_msdyn_octag,CCSP PERSONEN,Custom,kw:person
msdyn_msdyn_prod_actioninputparameter_msdyn_par,GENERAL,Custom,fallback
msdyn_msdyn_prod_actionoutputparameter_msdyn_pa,GENERAL,Custom,fallback
msdyn_msdyn_prod_agentscript_msdyn_sessiontempl,GENERAL,Custom,fallback
msdyn_msdyn_warranty_account,CCSP ORGANISATIES,Custom,kw:account
msdyn_msdyn_warranty_msdyn_customerasset,GENERAL,Custom,fallback
msdyn_msdyn_warranty_msdyn_functionallocation,GENERAL,Custom,fallback
msdyn_msteamssetting,GENERAL,Custom,fallback
msdyn_msteamssettingsv2,GENERAL,Custom,fallback
msdyn_nextaction,GENERAL,Custom,fallback
msdyn_nonrelationalds,GENERAL,Custom,fallback
msdyn_notesanalysisconfig,GENERAL,Custom,fallback
msdyn_notificationfield,GENERAL,Custom,fallback
msdyn_notificationtemplate,GENERAL,Custom,fallback
msdyn_notificationtemplate_notificationfield,GENERAL,Custom,fallback
msdyn_oc_geolocationprovider,GENERAL,Custom,fallback
msdyn_ocagentassignedcustomapiprivilege,GENERAL,Custom,fallback
msdyn_ocautoblockrule,GENERAL,Custom,fallback
msdyn_ocautomatedactionrule,GENERAL,Custom,fallback
msdyn_ocautomatedactionrulesmapping,GENERAL,Custom,fallback
msdyn_ocbotchannelregistration,GENERAL,Custom,fallback
msdyn_ocbotchannelregistrationsecret,GENERAL,Custom,fallback
msdyn_occhannelapiconversationprivilege,GENERAL,Custom,fallback
msdyn_occhannelapimessageprivilege,GENERAL,Custom,fallback
msdyn_occhannelapimethodmapping,GENERAL,Custom,fallback
msdyn_occhannelconfiguration,GENERAL,Custom,fallback
msdyn_occhannelstateconfiguration,GENERAL,Custom,fallback
msdyn_ocdispositioncode,GENERAL,Custom,fallback
msdyn_ocdispositioncode_msdyn_liveworkstream,GENERAL,Custom,fallback
msdyn_ocexternalcontext,GENERAL,Custom,fallback
msdyn_ocflaggedspam,GENERAL,Custom,fallback
msdyn_oclanguage,GENERAL,Custom,fallback
msdyn_ocliveworkitem,GENERAL,Custom,fallback
msdyn_ocliveworkitemcapacityprofile,GENERAL,Custom,fallback
msdyn_ocliveworkitemcharacteristic,GENERAL,Custom,fallback
msdyn_ocliveworkitemcontextitem,GENERAL,Custom,fallback
msdyn_ocliveworkitemmatchingcriteria,GENERAL,Custom,fallback
msdyn_ocliveworkitemparticipant,GENERAL,Custom,fallback
msdyn_ocliveworkitemsentiment,GENERAL,Custom,fallback
msdyn_ocliveworkstreamcontextvariable,GENERAL,Custom,fallback
msdyn_oclocalizationdata,GENERAL,Custom,fallback
msdyn_ocpaymentprofile,GENERAL,Custom,fallback
msdyn_ocprovisioningstate,GENERAL,Custom,fallback
msdyn_ocrecording,GENERAL,Custom,fallback
msdyn_ocrequest,GENERAL,Custom,fallback
msdyn_ocrichobject,GENERAL,Custom,fallback
msdyn_ocrichobjectmap,GENERAL,Custom,fallback
msdyn_ocruleitem,GENERAL,Custom,fallback
msdyn_ocsentimentdailytopic,GENERAL,Custom,fallback
msdyn_ocsentimentdailytopickeyword,GENERAL,Custom,fallback
msdyn_ocsentimentdailytopictrending,GENERAL,Custom,fallback
msdyn_ocsession,GENERAL,Custom,fallback
msdyn_ocsessioncharacteristic,GENERAL,Custom,fallback
msdyn_ocsessionparticipantevent,EVENEMENTEN,Custom,kw:event
msdyn_ocsessionsentiment,GENERAL,Custom,fallback
msdyn_ocsimltraining,GENERAL,Custom,fallback
msdyn_ocsitdimportconfig,GENERAL,Custom,fallback
msdyn_ocsitdskill,GENERAL,Custom,fallback
msdyn_ocsitrainingdata,GENERAL,Custom,fallback
msdyn_ocskillidentmlmodel,GENERAL,Custom,fallback
msdyn_ocsystemmessage,GENERAL,Custom,fallback
msdyn_octag,GENERAL,Custom,fallback
msdyn_odatav4ds,GENERAL,Custom,fallback
msdyn_odosfeaturemetadata,GENERAL,Custom,fallback
msdyn_odosmetadata,GENERAL,Custom,fallback
msdyn_omnichannelconfiguration,GENERAL,Custom,fallback
msdyn_omnichannelpersonalization,CCSP PERSONEN,Custom,kw:person
msdyn_omnichannelqueue,GENERAL,Custom,fallback
msdyn_omnichannelsyncconfig,GENERAL,Custom,fallback
msdyn_operatinghour,GENERAL,Custom,fallback
msdyn_opportunitykpiitem,GENERAL,Custom,fallback
msdyn_opportunitymodelconfig,GENERAL,Custom,fallback
msdyn_organizationsolutionmap,CCSP ORGANISATIES,Custom,kw:organization
msdyn_orgchartnode,GENERAL,Custom,fallback
msdyn_originatingqueue,GENERAL,Custom,fallback
msdyn_outreachagentresult,GENERAL,Custom,fallback
msdyn_outreachtriggeragent,GENERAL,Custom,fallback
msdyn_overflowactionconfig,GENERAL,Custom,fallback
msdyn_paflowruntracker,GENERAL,Custom,fallback
msdyn_paneconfiguration,GENERAL,Custom,fallback
msdyn_panetabconfiguration,GENERAL,Custom,fallback
msdyn_panetoolconfiguration,GENERAL,Custom,fallback
msdyn_personalmessage,CCSP PERSONEN,Custom,kw:person
msdyn_personalsoundsetting,CCSP PERSONEN,Custom,kw:person
msdyn_personasecurityrolemapping,CCSP PERSONEN,Custom,kw:person
msdyn_plan,GENERAL,Custom,fallback
msdyn_planartifact,GENERAL,Custom,fallback
msdyn_planattachment,GENERAL,Custom,fallback
msdyn_playbookactivity,GENERAL,Custom,fallback
msdyn_playbookactivityattribute,GENERAL,Custom,fallback
msdyn_playbookcategory,GENERAL,Custom,fallback
msdyn_playbookinstance,GENERAL,Custom,fallback
msdyn_playbooktemplate,GENERAL,Custom,fallback
msdyn_pmanalysishistory,GENERAL,Custom,fallback
msdyn_pmbusinessruleautomationconfig,GENERAL,Custom,fallback
msdyn_pmcalendar,GENERAL,Custom,fallback
msdyn_pmcalendarversion,GENERAL,Custom,fallback
msdyn_pminferredtask,GENERAL,Custom,fallback
msdyn_pmprocessextendedmetadataversion,PROCESMANAGER,Custom,kw:process
msdyn_pmprocesstemplate,PROCESMANAGER,Custom,kw:process
msdyn_pmprocessusersettings,PROCESMANAGER,Custom,kw:process
msdyn_pmprocessversion,PROCESMANAGER,Custom,kw:process
msdyn_pmrecording,GENERAL,Custom,fallback
msdyn_pmsimulation,GENERAL,Custom,fallback
msdyn_pmtemplate,GENERAL,Custom,fallback
msdyn_pmview,GENERAL,Custom,fallback
msdyn_postalbum,GENERAL,Custom,fallback
msdyn_postconfig,GENERAL,Custom,fallback
msdyn_postruleconfig,GENERAL,Custom,fallback
msdyn_predictioncomputationoperation,GENERAL,Custom,fallback
msdyn_predictionmodelstatus,GENERAL,Custom,fallback
msdyn_predictionscheduledoperation,GENERAL,Custom,fallback
msdyn_predictivemodelscore,GENERAL,Custom,fallback
msdyn_predictivescore,GENERAL,Custom,fallback
msdyn_predictivescoringsyncstatus,GENERAL,Custom,fallback
msdyn_preferredagent,GENERAL,Custom,fallback
msdyn_preferredagentcustomeridentity,GENERAL,Custom,fallback
msdyn_preferredagentroutedentity,GENERAL,Custom,fallback
msdyn_presence,GENERAL,Custom,fallback
msdyn_product_knowledgearticle,PRODUCTENCATALOGUS P30,Custom,kw:product
msdyn_product_knowledgebaserecord,PRODUCTENCATALOGUS P30,Custom,kw:product
msdyn_productivityactioninputparameter,PRODUCTENCATALOGUS P30,Custom,kw:product
msdyn_productivityactionoutputparameter,PRODUCTENCATALOGUS P30,Custom,kw:product
msdyn_productivityagentscript,PRODUCTENCATALOGUS P30,Custom,kw:product
msdyn_productivityagentscriptstep,PRODUCTENCATALOGUS P30,Custom,kw:product
msdyn_productivitymacroactiontemplate,PRODUCTENCATALOGUS P30,Custom,kw:product
msdyn_productivitymacroconnector,PRODUCTENCATALOGUS P30,Custom,kw:product
msdyn_productivitymacrosolutionconfiguration,PRODUCTENCATALOGUS P30,Custom,kw:product
msdyn_productivityparameterdefinition,PRODUCTENCATALOGUS P30,Custom,kw:product
msdyn_productmap,PRODUCTENCATALOGUS P30,Custom,kw:product
msdyn_property,GENERAL,Custom,fallback
msdyn_propertyassetassociation,GENERAL,Custom,fallback
msdyn_propertylocationassociation,GENERAL,Custom,fallback
msdyn_propertylog,GENERAL,Custom,fallback
msdyn_propertytemplateassociation,GENERAL,Custom,fallback
msdyn_provider,GENERAL,Custom,fallback
msdyn_qna,GENERAL,Custom,fallback
msdyn_qualificationagenttrigger,GENERAL,Custom,fallback
msdyn_rawinsight,GENERAL,Custom,fallback
msdyn_rawinsightentitylink,GENERAL,Custom,fallback
msdyn_readtracker,GENERAL,Custom,fallback
msdyn_readtrackingenabledinfo,GENERAL,Custom,fallback
msdyn_realtimescoring,GENERAL,Custom,fallback
msdyn_realtimescoringoperation,GENERAL,Custom,fallback
msdyn_recomputetracker,GENERAL,Custom,fallback
msdyn_recording,GENERAL,Custom,fallback
msdyn_recurrence,GENERAL,Custom,fallback
msdyn_recurringsalesaction,GENERAL,Custom,fallback
msdyn_recurringsalesactionv2,GENERAL,Custom,fallback
msdyn_region,GENERAL,Custom,fallback
msdyn_relationshipanalyticsmetadata,GENERAL,Custom,fallback
msdyn_relationshipinsightsunifiedconfig,GENERAL,Custom,fallback
msdyn_reportbookmark,GENERAL,Custom,fallback
msdyn_richtextfile,GENERAL,Custom,fallback
msdyn_rolloutplan,GENERAL,Custom,fallback
msdyn_routingconfiguration,GENERAL,Custom,fallback
msdyn_routingconfigurationstep,GENERAL,Custom,fallback
msdyn_routingrequest,GENERAL,Custom,fallback
msdyn_routingrulesetsetting,GENERAL,Custom,fallback
msdyn_rulesetdependencymapping,GENERAL,Custom,fallback
msdyn_sabackupdiagnostic,GENERAL,Custom,fallback
msdyn_sabatchruninstance,GENERAL,Custom,fallback
msdyn_salesaccelerationinsight,GENERAL,Custom,fallback
msdyn_salesaccelerationsettings,GENERAL,Custom,fallback
msdyn_salesagentconfiguration,GENERAL,Custom,fallback
msdyn_salesagentconfigurationv2,GENERAL,Custom,fallback
msdyn_salesagentexecutionconfig,GENERAL,Custom,fallback
msdyn_salesagenthandover,GENERAL,Custom,fallback
msdyn_salesagentprofile,GENERAL,Custom,fallback
msdyn_salesagentrun,GENERAL,Custom,fallback
msdyn_salesagentusage,GENERAL,Custom,fallback
msdyn_salesassignmentsetting,GENERAL,Custom,fallback
msdyn_salescopilotemailinsight,GENERAL,Custom,fallback
msdyn_salescopilotinsight,GENERAL,Custom,fallback
msdyn_salescopilotinsightcardstate,GENERAL,Custom,fallback
msdyn_salescopilotjobstatus,GENERAL,Custom,fallback
msdyn_salescopilotknowledgebase,GENERAL,Custom,fallback
msdyn_salescopilotorgsettings,GENERAL,Custom,fallback
msdyn_salescopilotusersetting,GENERAL,Custom,fallback
msdyn_salesforcestructuredobject,GENERAL,Custom,fallback
msdyn_salesforcestructuredqnaconfig,GENERAL,Custom,fallback
msdyn_salesinsightssettings,GENERAL,Custom,fallback
msdyn_salesocmessage,GENERAL,Custom,fallback
msdyn_salesocsmstemplate,GENERAL,Custom,fallback
msdyn_salesresearchmanager,GENERAL,Custom,fallback
msdyn_salesroutingdiagnostic,GENERAL,Custom,fallback
msdyn_salesroutingrun,GENERAL,Custom,fallback
msdyn_salessuggestion,GENERAL,Custom,fallback
msdyn_salestag,GENERAL,Custom,fallback
msdyn_salestag_msdyn_sequence,GENERAL,Custom,fallback
msdyn_saruninstance,GENERAL,Custom,fallback
msdyn_schedule,GENERAL,Custom,fallback
msdyn_sciconversation,GENERAL,Custom,fallback
msdyn_scicustomemailhighlight,GENERAL,Custom,fallback
msdyn_scicustomhighlight,GENERAL,Custom,fallback
msdyn_scicustompublisher,GENERAL,Custom,fallback
msdyn_scienvironmentsettings,GENERAL,Custom,fallback
msdyn_sciusersettings,GENERAL,Custom,fallback
msdyn_searchconfiguration,GENERAL,Custom,fallback
msdyn_segment,GENERAL,Custom,fallback
msdyn_segmentationsetting,GENERAL,Custom,fallback
msdyn_segmentattribute,GENERAL,Custom,fallback
msdyn_segmentcatalogue,PRODUCTENCATALOGUS P30,Custom,kw:catalog
msdyn_sentimentanalysis,GENERAL,Custom,fallback
msdyn_sequence,GENERAL,Custom,fallback
msdyn_sequencestat,GENERAL,Custom,fallback
msdyn_sequencetarget,GENERAL,Custom,fallback
msdyn_sequencetargetstep,GENERAL,Custom,fallback
msdyn_sequencetemplate,GENERAL,Custom,fallback
msdyn_serviceconfiguration,GENERAL,Custom,fallback
msdyn_servicecopilotplugin,GENERAL,Custom,fallback
msdyn_servicecopilotpluginaction,GENERAL,Custom,fallback
msdyn_servicecopilotpluginrole,GENERAL,Custom,fallback
msdyn_serviceoneprovisioningrequest,GENERAL,Custom,fallback
msdyn_sessiondata,GENERAL,Custom,fallback
msdyn_sessionevent,EVENEMENTEN,Custom,kw:event
msdyn_sessionextension,GENERAL,Custom,fallback
msdyn_sessionparticipant,GENERAL,Custom,fallback
msdyn_sessionparticipantdata,GENERAL,Custom,fallback
msdyn_sessiontemplate,GENERAL,Custom,fallback
msdyn_sessiontemplate_applicationtab,GENERAL,Custom,fallback
msdyn_shareasconfiguration,GENERAL,Custom,fallback
msdyn_siconfig,GENERAL,Custom,fallback
msdyn_sikeyvalueconfig,GENERAL,Custom,fallback
msdyn_similarentitiesfeatureimportance,GENERAL,Custom,fallback
msdyn_skillattachmentruleitem,GENERAL,Custom,fallback
msdyn_skillattachmenttarget,GENERAL,Custom,fallback
msdyn_slakpi,GENERAL,Custom,fallback
msdyn_smartassistconfig,GENERAL,Custom,fallback
msdyn_smartassistconfig_msdyn_appconfig,GENERAL,Custom,fallback
msdyn_solutioncomponentcountdatasource,GENERAL,Custom,fallback
msdyn_solutioncomponentcountsummary,GENERAL,Custom,fallback
msdyn_solutioncomponentdatasource,GENERAL,Custom,fallback
msdyn_solutioncomponentsummary,GENERAL,Custom,fallback
msdyn_solutionhealthrule,GENERAL,Custom,fallback
msdyn_solutionhealthruleargument,GENERAL,Custom,fallback
msdyn_solutionhealthruleset,GENERAL,Custom,fallback
msdyn_solutionhistory,GENERAL,Custom,fallback
msdyn_solutionhistorydatasource,GENERAL,Custom,fallback
msdyn_soundfile,GENERAL,Custom,fallback
msdyn_soundnotificationsetting,GENERAL,Custom,fallback
msdyn_stakeholderresearchoutput,GENERAL,Custom,fallback
msdyn_submodeldefinition,GENERAL,Custom,fallback
msdyn_suggestedactivity,GENERAL,Custom,fallback
msdyn_suggestedactivitydatasource,GENERAL,Custom,fallback
msdyn_suggestedcontact,CCSP CONTACTPERSONEN,Custom,kw:contact
msdyn_suggestedcontactsdatasource,CCSP CONTACTPERSONEN,Custom,kw:contact
msdyn_suggestionassignmentrule,GENERAL,Custom,fallback
msdyn_suggestioninteraction,GENERAL,Custom,fallback
msdyn_suggestionprincipalobjectaccess,GENERAL,Custom,fallback
msdyn_suggestionrequestpayload,GENERAL,Custom,fallback
msdyn_suggestionsellerpriority,GENERAL,Custom,fallback
msdyn_suggestionsmodelsummary,GENERAL,Custom,fallback
msdyn_suggestionssetting,GENERAL,Custom,fallback
msdyn_summarysynthesizerinput,GENERAL,Custom,fallback
msdyn_summarysynthesizeroutput,GENERAL,Custom,fallback
msdyn_surveyconfig,GENERAL,Custom,fallback
msdyn_surveysetting,GENERAL,Custom,fallback
msdyn_swarm,GENERAL,Custom,fallback
msdyn_swarmparticipant,GENERAL,Custom,fallback
msdyn_swarmparticipantrule,GENERAL,Custom,fallback
msdyn_swarmrole,GENERAL,Custom,fallback
msdyn_swarmskill,GENERAL,Custom,fallback
msdyn_swarmtemplate,GENERAL,Custom,fallback
msdyn_systemuser_msdyn_omnichannelqueue,GENERAL,Custom,fallback
msdyn_taggedrecord,GENERAL,Custom,fallback
msdyn_targetcustomerprofileprefillagenttrigger,GENERAL,Custom,fallback
msdyn_tcpprefillagentresult,GENERAL,Custom,fallback
msdyn_teamschatassociation,GENERAL,Custom,fallback
msdyn_teamschatsuggestion,GENERAL,Custom,fallback
msdyn_teamscollaboration,GENERAL,Custom,fallback
msdyn_teamsdialeradminsettings,GENERAL,Custom,fallback
msdyn_templatecontextvariable,GENERAL,Custom,fallback
msdyn_templatecontextvariable_msdyn_template,GENERAL,Custom,fallback
msdyn_templateforproperties,GENERAL,Custom,fallback
msdyn_templateparameter,GENERAL,Custom,fallback
msdyn_templateruleset,GENERAL,Custom,fallback
msdyn_templatetags,GENERAL,Custom,fallback
msdyn_templatevariablebatchoperation,GENERAL,Custom,fallback
msdyn_timelinepin,GENERAL,Custom,fallback
msdyn_timespent,GENERAL,Custom,fallback
msdyn_timetracker,GENERAL,Custom,fallback
msdyn_tour,GENERAL,Custom,fallback
msdyn_trainingresult,GENERAL,Custom,fallback
msdyn_transcript,GENERAL,Custom,fallback
msdyn_triggersalesagent,GENERAL,Custom,fallback
msdyn_unifiedroutingdiagnostic,GENERAL,Custom,fallback
msdyn_unifiedroutingrun,GENERAL,Custom,fallback
msdyn_unifiedroutingsetuptracker,GENERAL,Custom,fallback
msdyn_untrackedappointment,VERGADERBEHEER,Custom,kw:appointment
msdyn_upgraderun,GENERAL,Custom,fallback
msdyn_upgradestep,GENERAL,Custom,fallback
msdyn_upgradeversion,GENERAL,Custom,fallback
msdyn_urnotificationtemplate,GENERAL,Custom,fallback
msdyn_urnotificationtemplatemapping,GENERAL,Custom,fallback
msdyn_usagemetric,GENERAL,Custom,fallback
msdyn_usagereporting,GENERAL,Custom,fallback
msdyn_usersetting,GENERAL,Custom,fallback
msdyn_virtualtablecolumncandidate,GENERAL,Custom,fallback
msdyn_visitorjourney,GENERAL,Custom,fallback
msdyn_vivacustomerlist,GENERAL,Custom,fallback
msdyn_vivaentitysetting,GENERAL,Custom,fallback
msdyn_vivaorgextensioncred,GENERAL,Custom,fallback
msdyn_vivaorgsetting,GENERAL,Custom,fallback
msdyn_vivausersetting,GENERAL,Custom,fallback
msdyn_wallsavedquery,GENERAL,Custom,fallback
msdyn_wallsavedqueryusersettings,GENERAL,Custom,fallback
msdyn_warranty,GENERAL,Custom,fallback
msdyn_wkwcolleaguesforcompany,CCSP ORGANISATIES,Custom,kw:company
msdyn_wkwcolleaguesforcontact,CCSP CONTACTPERSONEN,Custom,kw:contact
msdyn_wkwconfig,GENERAL,Custom,fallback
msdyn_workflowactionstatus,PROCESMANAGER,Custom,kw:workflow
msdyn_worklistsuggestion,GENERAL,Custom,fallback
msdyn_worklistsuggestionsource,GENERAL,Custom,fallback
msdyn_worklistviewconfiguration,GENERAL,Custom,fallback
msdyn_workqueuerecord,GENERAL,Custom,fallback
msdyn_workqueuestate,GENERAL,Custom,fallback
msdyn_workqueueusersetting,GENERAL,Custom,fallback
msdyn_workstream_bot_mapping,GENERAL,Custom,fallback
msdyn_wqdatasource,GENERAL,Custom,fallback
msdynce_botcontent,WEBCONTENT,Custom,kw:content
msdyncrm_addtocalendarstyle,GENERAL,Custom,fallback
msdyncrm_basestyle,GENERAL,Custom,fallback
msdyncrm_buttonstyle,GENERAL,Custom,fallback
msdyncrm_codestyle,GENERAL,Custom,fallback
msdyncrm_columnstyle,GENERAL,Custom,fallback
msdyncrm_contentblockstyle,WEBCONTENT,Custom,kw:content
msdyncrm_dividerstyle,GENERAL,Custom,fallback
msdyncrm_generalstyles,GENERAL,Custom,fallback
msdyncrm_imagestyle,GENERAL,Custom,fallback
msdyncrm_layoutstyle,GENERAL,Custom,fallback
msdyncrm_qrcodestyle,GENERAL,Custom,fallback
msdyncrm_textstyle,GENERAL,Custom,fallback
msdyncrm_videostyle,GENERAL,Custom,fallback
msdynmkt_byoacschannelinstance,GENERAL,Custom,fallback
msdynmkt_byoacschannelinstanceaccount,CCSP ORGANISATIES,Custom,kw:account
msdynmkt_catalogeventstatusconfiguration,EVENEMENTEN,Custom,kw:event
msdynmkt_configuration,GENERAL,Custom,fallback
msdynmkt_eventmetadata,EVENEMENTEN,Custom,kw:event
msdynmkt_eventmetadata_sdkmessageprocessingstep,EVENEMENTEN,Custom,kw:event
msdynmkt_eventparametermetadata,EVENEMENTEN,Custom,kw:event
msdynmkt_experimentv2,GENERAL,Custom,fallback
msdynmkt_featureconfiguration,GENERAL,Custom,fallback
msdynmkt_infobipchannelinstance,GENERAL,Custom,fallback
msdynmkt_infobipchannelinstanceaccount,CCSP ORGANISATIES,Custom,kw:account
msdynmkt_linkmobilitychannelinstance,GENERAL,Custom,fallback
msdynmkt_linkmobilitychannelinstanceaccount,CCSP ORGANISATIES,Custom,kw:account
msdynmkt_metadataentityrelationship,GENERAL,Custom,fallback
msdynmkt_metadataitem,GENERAL,Custom,fallback
msdynmkt_metadatastorestate,GENERAL,Custom,fallback
msdynmkt_mocksmsproviderchannelinstance,GENERAL,Custom,fallback
msdynmkt_mocksmsproviderchannelinstanceaccount,CCSP ORGANISATIES,Custom,kw:account
msdynmkt_predefinedplaceholder,GENERAL,Custom,fallback
msdynmkt_telesignchannelinstance,GENERAL,Custom,fallback
msdynmkt_telesignchannelinstanceaccount,CCSP ORGANISATIES,Custom,kw:account
msdynmkt_trackingcontext,GENERAL,Custom,fallback
msdynmkt_twiliochannelinstance,GENERAL,Custom,fallback
msdynmkt_twiliochannelinstanceaccount,CCSP ORGANISATIES,Custom,kw:account
msdynmkt_vibeschannelinstance,GENERAL,Custom,fallback
msdynmkt_vibeschannelinstanceaccount,CCSP ORGANISATIES,Custom,kw:account
msfp_alert,GENERAL,Custom,fallback
msfp_alertrule,GENERAL,Custom,fallback
msfp_emailtemplate,GENERAL,Custom,fallback
msfp_fileresponse,GENERAL,Custom,fallback
msfp_localizedemailtemplate,GENERAL,Custom,fallback
msfp_project,GENERAL,Custom,fallback
msfp_question,GENERAL,Custom,fallback
msfp_questionresponse,GENERAL,Custom,fallback
msfp_satisfactionmetric,GENERAL,Custom,fallback
msfp_survey,GENERAL,Custom,fallback
msfp_surveyinvite,GENERAL,Custom,fallback
msfp_surveyreminder,GENERAL,Custom,fallback
msfp_surveyresponse,GENERAL,Custom,fallback
msfp_unsubscribedrecipient,GENERAL,Custom,fallback
msgraphresourcetosubscription,GENERAL,Standard,fallback
mspcat_catalogsubmissionfiles,PRODUCTENCATALOGUS P30,Custom,kw:catalog
mspcat_packagestore,GENERAL,Custom,fallback
mspp_accesscontrolrule_publishingstate,GENERAL,Custom,fallback
mspp_adplacement,GENERAL,Custom,fallback
mspp_columnpermission,GENERAL,Custom,fallback
mspp_columnpermissionprofile,GENERAL,Custom,fallback
mspp_columnpermissionprofile_webrole,WEBCONTENT,Custom,kw:web
mspp_contentsnippet,WEBCONTENT,Custom,kw:content
mspp_entityform,GENERAL,Custom,fallback
mspp_entityformmetadata,GENERAL,Custom,fallback
mspp_entitylist,GENERAL,Custom,fallback
mspp_entitypermission,GENERAL,Custom,fallback
mspp_entitypermission_webrole,WEBCONTENT,Custom,kw:web
mspp_pagetemplate,WEBCONTENT,Custom,kw:page
mspp_pollplacement,GENERAL,Custom,fallback
mspp_powerpagescoreentityds,WEBCONTENT,Custom,kw:page
mspp_publishingstate,GENERAL,Custom,fallback
mspp_publishingstatetransitionrule,GENERAL,Custom,fallback
mspp_publishingstatetransitionrule_webrole,WEBCONTENT,Custom,kw:web
mspp_redirect,GENERAL,Custom,fallback
mspp_shortcut,GENERAL,Custom,fallback
mspp_sitemarker,GENERAL,Custom,fallback
mspp_sitesetting,GENERAL,Custom,fallback
mspp_webfile,WEBCONTENT,Custom,kw:web
mspp_webform,WEBCONTENT,Custom,kw:web
mspp_webformmetadata,WEBCONTENT,Custom,kw:web
mspp_webformstep,WEBCONTENT,Custom,kw:web
mspp_weblink,WEBCONTENT,Custom,kw:web
mspp_weblinkset,WEBCONTENT,Custom,kw:web
mspp_webpage,WEBCONTENT,Custom,kw:web
mspp_webpageaccesscontrolrule,WEBCONTENT,Custom,kw:web
mspp_webpageaccesscontrolrule_webrole,WEBCONTENT,Custom,kw:web
mspp_webrole,WEBCONTENT,Custom,kw:web
mspp_website,WEBCONTENT,Custom,kw:web
mspp_websiteaccess,WEBCONTENT,Custom,kw:web
mspp_websiteaccess_webrole,WEBCONTENT,Custom,kw:web
mspp_websitelanguage,WEBCONTENT,Custom,kw:web
mspp_webtemplate,WEBCONTENT,Custom,kw:web
multientitysearch,GENERAL,Standard,fallback
multientitysearchentities,GENERAL,Standard,fallback
multiselectattributeoptionvalues,GENERAL,Standard,fallback
navigationsetting,GENERAL,Standard,fallback
new_bpf_5f511b4eb3af478d80028efd4fbc1483,GENERAL,Standard,fallback
newprocess,PROCESMANAGER,Standard,kw:process
nlsqregistration,GENERAL,Standard,fallback
notification,GENERAL,Standard,fallback
nrq_candidacy,GENERAL,Custom,fallback
nrq_legislature,GENERAL,Custom,fallback
nrq_organisationtype,CCSP ORGANISATIES,Custom,kw:organisation
nrq_workgroup,GENERAL,Custom,fallback
nrq_workgroupfunction,GENERAL,Custom,fallback
nrq_workgroupmember,GENERAL,Custom,fallback
nrq_workgroupmembersubfunction,GENERAL,Custom,fallback
nrq_workgrouporganisationtypefunction,CCSP ORGANISATIES,Custom,kw:organisation
nrq_workgroupperiod,INNAME OPENBAAR DOMEIN,Custom,kw:iod
nrq_workgroupsubfunction,GENERAL,Custom,fallback
nrq_workgroupsubfunction_nrq_workgroupf,GENERAL,Custom,fallback
nrq_workgrouptype,GENERAL,Custom,fallback
officedocument,GENERAL,Standard,fallback
officegraphdocument,GENERAL,Standard,fallback
offlinecommanddefinition,GENERAL,Standard,fallback
opportunity,GENERAL,Standard,exact
opportunityclose,GENERAL,Standard,fallback
opportunitycompetitors,GENERAL,Standard,fallback
opportunityproduct,PRODUCTENCATALOGUS P30,Standard,kw:product
opportunitysalesprocess,PROCESMANAGER,Standard,kw:process
optionset,GENERAL,Standard,fallback
orderclose,GENERAL,Standard,fallback
organization,CCSP ORGANISATIES,Standard,kw:organization
organizationdatasyncfnostate,CCSP ORGANISATIES,Standard,kw:organization
organizationdatasyncstate,CCSP ORGANISATIES,Standard,kw:organization
organizationdatasyncsubscription,CCSP ORGANISATIES,Standard,kw:organization
organizationdatasyncsubscriptionentity,CCSP ORGANISATIES,Standard,kw:organization
organizationdatasyncsubscriptionfnotable,CCSP ORGANISATIES,Standard,kw:organization
organizationsetting,CCSP ORGANISATIES,Standard,kw:organization
organizationstatistic,CCSP ORGANISATIES,Standard,kw:organization
organizationui,CCSP ORGANISATIES,Standard,kw:organization
orginsightsmetric,GENERAL,Standard,fallback
orginsightsnotification,GENERAL,Standard,fallback
owner,GENERAL,Standard,fallback
ownermapping,GENERAL,Standard,fallback
package,GENERAL,Standard,fallback
package_solution,GENERAL,Standard,fallback
packagehistory,GENERAL,Standard,fallback
partnerapplication,GENERAL,Standard,fallback
pdfsetting,GENERAL,Standard,fallback
personaldocumenttemplate,CCSP PERSONEN,Standard,kw:person
phonecall,GENERAL,Standard,exact
phonetocaseprocess,BEHEER VAN ZAKEN EN DOSSIERS,Standard,kw:case
picklistmapping,GENERAL,Standard,fallback
plannerbusinessscenario,GENERAL,Standard,fallback
plannersyncaction,GENERAL,Standard,fallback
plugin,GENERAL,Standard,fallback
pluginassembly,GENERAL,Standard,fallback
pluginpackage,GENERAL,Standard,fallback
plugintracelog,GENERAL,Standard,fallback
plugintype,GENERAL,Standard,fallback
plugintypestatistic,GENERAL,Standard,fallback
position,GENERAL,Standard,fallback
post,GENERAL,Standard,fallback
postcomment,GENERAL,Standard,fallback
postfollow,GENERAL,Standard,fallback
postlike,GENERAL,Standard,fallback
postregarding,GENERAL,Standard,fallback
postrole,GENERAL,Standard,fallback
powerbidataset,GENERAL,Standard,fallback
powerbidatasetapdx,GENERAL,Standard,fallback
powerbimashupparameter,GENERAL,Standard,fallback
powerbireport,GENERAL,Standard,fallback
powerbireportapdx,GENERAL,Standard,fallback
powerfxrule,GENERAL,Standard,fallback
powerpagecomponent,WEBCONTENT,Standard,kw:page
powerpagecomponent_mspp_webrole_account,CCSP ORGANISATIES,Standard,kw:account
powerpagecomponent_mspp_webrole_contact,CCSP CONTACTPERSONEN,Standard,kw:contact
powerpagecomponent_powerpagecomponent,WEBCONTENT,Standard,kw:page
powerpagecomponent_webrole_systemuser,WEBCONTENT,Standard,kw:web
powerpagesddosalert,WEBCONTENT,Standard,kw:page
powerpagesite,WEBCONTENT,Standard,kw:page
powerpagesite_dvfilesearch,WEBCONTENT,Standard,kw:page
powerpagesite_dvtablesearch,WEBCONTENT,Standard,kw:page
powerpagesitelanguage,WEBCONTENT,Standard,kw:page
powerpagesitepublished,WEBCONTENT,Standard,kw:page
powerpageslog,WEBCONTENT,Standard,kw:page
powerpagesmanagedidentity,WEBCONTENT,Standard,kw:page
powerpagesscanreport,WEBCONTENT,Standard,kw:page
powerpagessiteaifeedback,WEBCONTENT,Standard,kw:page
powerpagessourcefile,WEBCONTENT,Standard,kw:page
pricelevel,GENERAL,Standard,fallback
principalattributeaccessmap,GENERAL,Standard,fallback
principalentitybusinessunitmap,CCSP ORGANISATIES,Standard,kw:businessunit
principalentitymap,GENERAL,Standard,fallback
principalobjectaccess,GENERAL,Standard,fallback
principalobjectaccessreadsnapshot,GENERAL,Standard,fallback
principalobjectattributeaccess,GENERAL,Standard,fallback
principalsyncattributemap,GENERAL,Standard,fallback
privilege,GENERAL,Standard,fallback
privilegecheckerlog,GENERAL,Standard,fallback
privilegecheckerrun,GENERAL,Standard,fallback
privilegeobjecttypecodes,GENERAL,Standard,fallback
privilegesremovalsetting,GENERAL,Standard,fallback
processorregistration,PROCESMANAGER,Standard,kw:process
processsession,PROCESMANAGER,Standard,kw:process
processstage,PROCESMANAGER,Standard,kw:process
processstageparameter,PROCESMANAGER,Standard,kw:process
processtrigger,PROCESMANAGER,Standard,kw:process
product,PRODUCTENCATALOGUS P30,Standard,kw:product
productassociation,PRODUCTENCATALOGUS P30,Standard,kw:product
productpricelevel,PRODUCTENCATALOGUS P30,Standard,kw:product
productsalesliterature,PRODUCTENCATALOGUS P30,Standard,kw:product
productsubstitute,PRODUCTENCATALOGUS P30,Standard,kw:product
provisionlanguageforuser,GENERAL,Standard,fallback
publisher,GENERAL,Standard,fallback
publisheraddress,GENERAL,Standard,fallback
qbx_digitaaltekenenenverzendenpakket,GENERAL,Custom,fallback
qbx_digitaaltekenenenverzendenstatusmapping,GENERAL,Custom,fallback
qbx_digitalsignsendparameters,GENERAL,Custom,fallback
qbx_documentpakket,GENERAL,Custom,fallback
quarterlyfiscalcalendar,GENERAL,Standard,fallback
queue,GENERAL,Standard,fallback
queueitem,GENERAL,Standard,fallback
queueitemcount,GENERAL,Standard,fallback
queuemembercount,GENERAL,Standard,fallback
queuemembership,GENERAL,Standard,fallback
quote,GENERAL,Standard,fallback
quoteclose,GENERAL,Standard,fallback
quotedetail,GENERAL,Standard,fallback
ratingmodel,GENERAL,Standard,fallback
ratingvalue,GENERAL,Standard,fallback
recentlyused,GENERAL,Standard,fallback
recommendeddocument,GENERAL,Standard,fallback
reconciliationentityinfo,GENERAL,Standard,fallback
reconciliationentitystepinfo,GENERAL,Standard,fallback
reconciliationinfo,GENERAL,Standard,fallback
recordcountsnapshot,GENERAL,Standard,fallback
recordfilter,GENERAL,Standard,fallback
recurrencerule,GENERAL,Standard,fallback
recurringappointmentmaster,VERGADERBEHEER,Standard,kw:appointment
recyclebinconfig,GENERAL,Standard,fallback
relationship,GENERAL,Standard,fallback
relationshipattribute,GENERAL,Standard,fallback
relationshiprole,GENERAL,Standard,fallback
relationshiprolemap,GENERAL,Standard,fallback
replicationbacklog,GENERAL,Standard,fallback
report,GENERAL,Standard,fallback
reportcategory,GENERAL,Standard,fallback
reportentity,GENERAL,Standard,fallback
reportlink,GENERAL,Standard,fallback
reportparameter,GENERAL,Standard,fallback
reportvisibility,GENERAL,Standard,fallback
resource,GENERAL,Standard,fallback
resourcegroup,GENERAL,Standard,fallback
resourcegroupdatasource,GENERAL,Standard,fallback
resourcegroupexpansion,GENERAL,Standard,fallback
resourcespec,GENERAL,Standard,fallback
retaineddataexcel,GENERAL,Standard,fallback
retentioncleanupinfo,GENERAL,Standard,fallback
retentioncleanupoperation,GENERAL,Standard,fallback
retentionconfig,GENERAL,Standard,fallback
retentionfailuredetail,GENERAL,Standard,fallback
retentionoperation,GENERAL,Standard,fallback
retentionoperationdetail,GENERAL,Standard,fallback
retentionsuccessdetail,GENERAL,Standard,fallback
revokeinheritedaccessrecordstracker,GENERAL,Standard,fallback
ribbonclientmetadata,GENERAL,Standard,fallback
ribboncommand,GENERAL,Standard,fallback
ribboncontextgroup,GENERAL,Standard,fallback
ribboncustomization,GENERAL,Standard,fallback
ribbondiff,GENERAL,Standard,fallback
ribbonmetadatatoprocess,PROCESMANAGER,Standard,kw:process
ribbonrule,GENERAL,Standard,fallback
ribbontabtocommandmap,GENERAL,Standard,fallback
role,GENERAL,Standard,fallback
roleeditorlayout,GENERAL,Standard,fallback
roleprivileges,GENERAL,Standard,fallback
roletemplate,GENERAL,Standard,fallback
roletemplateprivileges,GENERAL,Standard,fallback
rollupfield,GENERAL,Standard,fallback
rollupjob,GENERAL,Standard,fallback
rollupproperties,GENERAL,Standard,fallback
routingrule,GENERAL,Standard,fallback
routingruleitem,GENERAL,Standard,fallback
runtimedependency,GENERAL,Standard,fallback
sa_suggestedaction,GENERAL,Standard,fallback
sa_suggestedactioncriteria,GENERAL,Standard,fallback
sales_linkedin_configuration,GENERAL,Standard,fallback
sales_linkedin_profileassociations,GENERAL,Standard,fallback
sales_linkedin_users_signedin_status,GENERAL,Standard,fallback
sales_lisn_users_signedin_status,GENERAL,Standard,fallback
salesliterature,GENERAL,Standard,fallback
salesliteratureitem,GENERAL,Standard,fallback
salesorder,GENERAL,Standard,fallback
salesorderdetail,GENERAL,Standard,fallback
salesprocessinstance,PROCESMANAGER,Standard,kw:process
savedorginsightsconfiguration,GENERAL,Standard,fallback
savedquery,GENERAL,Standard,fallback
savedqueryvisualization,GENERAL,Standard,fallback
savingrule,GENERAL,Standard,fallback
sdkmessage,GENERAL,Standard,fallback
sdkmessagefilter,GENERAL,Standard,fallback
sdkmessagepair,GENERAL,Standard,fallback
sdkmessageprocessingstep,PROCESMANAGER,Standard,kw:process
sdkmessageprocessingstepimage,PROCESMANAGER,Standard,kw:process
sdkmessageprocessingstepsecureconfig,PROCESMANAGER,Standard,kw:process
sdkmessagerequest,GENERAL,Standard,fallback
sdkmessagerequestfield,GENERAL,Standard,fallback
sdkmessageresponse,GENERAL,Standard,fallback
sdkmessageresponsefield,GENERAL,Standard,fallback
searchattributesettings,GENERAL,Standard,fallback
searchcustomanalyzer,GENERAL,Standard,fallback
searchrelationshipsettings,GENERAL,Standard,fallback
searchresultscache,GENERAL,Standard,fallback
searchtelemetry,GENERAL,Standard,fallback
semiannualfiscalcalendar,GENERAL,Standard,fallback
sensitivitylabel,GENERAL,Standard,fallback
service,GENERAL,Standard,fallback
serviceappointment,VERGADERBEHEER,Standard,kw:appointment
servicecontractcontacts,CONTRACTEN,Standard,kw:contract
serviceendpoint,GENERAL,Standard,fallback
serviceplan,GENERAL,Standard,fallback
serviceplanappmodules,GENERAL,Standard,fallback
serviceplancustomcontrol,GENERAL,Standard,fallback
serviceplanmapping,GENERAL,Standard,fallback
settingdefinition,GENERAL,Standard,fallback
sgw_actie,GENERAL,Custom,fallback
sgw_categorieverlenging,GENERAL,Custom,fallback
sgw_servicebuslog,GENERAL,Custom,fallback
sgw_servicebuslogidtype,GENERAL,Custom,fallback
sgw_servicebuslogtype,GENERAL,Custom,fallback
sgw_vraagopenbaarheidvanbestuur,GENERAL,Custom,fallback
sgw_vraagopenbaarheidvanbestuurbusinessprocessflow,PROCESMANAGER,Custom,kw:process
sharedlinksetting,GENERAL,Standard,fallback
sharedobject,GENERAL,Standard,fallback
sharedobjectsforread,GENERAL,Standard,fallback
sharedworkspace,GENERAL,Standard,fallback
sharedworkspaceaccesstoken2,GENERAL,Standard,fallback
sharedworkspacepool,GENERAL,Standard,fallback
sharepointdata,GENERAL,Standard,fallback
sharepointdocument,GENERAL,Standard,fallback
sharepointdocumentlocation,GENERAL,Standard,fallback
sharepointmanagedidentity,GENERAL,Standard,fallback
sharepointsite,GENERAL,Standard,fallback
sideloadedaiplugin,GENERAL,Standard,fallback
signal,GENERAL,Standard,fallback
signalregistration,GENERAL,Standard,fallback
similarityrule,GENERAL,Standard,fallback
site,GENERAL,Standard,fallback
sitemap,GENERAL,Standard,fallback
sla,GENERAL,Standard,fallback
slaitem,GENERAL,Standard,fallback
slakpiinstance,GENERAL,Standard,fallback
socialactivity,GENERAL,Standard,fallback
socialinsightsconfiguration,GENERAL,Standard,fallback
socialprofile,GENERAL,Standard,fallback
solution,GENERAL,Standard,fallback
solutioncomponent,GENERAL,Standard,fallback
solutioncomponentattributeconfiguration,GENERAL,Standard,fallback
solutioncomponentbatchconfiguration,GENERAL,Standard,fallback
solutioncomponentconfiguration,GENERAL,Standard,fallback
solutioncomponentdefinition,GENERAL,Standard,fallback
solutioncomponentrelationshipconfiguration,GENERAL,Standard,fallback
solutionhistorydata,GENERAL,Standard,fallback
sourcecontrolbranchconfiguration,GENERAL,Standard,fallback
sourcecontrolcomponent,GENERAL,Standard,fallback
sourcecontrolcomponentpayload,GENERAL,Standard,fallback
sourcecontrolconfiguration,GENERAL,Standard,fallback
sqlencryptionaudit,GENERAL,Standard,fallback
stagedentity,PROCESMANAGER,Standard,kw:stage
stagedentityattribute,PROCESMANAGER,Standard,kw:stage
stagedmetadataasyncoperation,PROCESMANAGER,Standard,kw:stage
stagedsourcecontrolcomponent,PROCESMANAGER,Standard,kw:stage
stagesolutionupload,PROCESMANAGER,Standard,kw:stage
statusmap,GENERAL,Standard,fallback
stringmap,GENERAL,Standard,fallback
subject,GENERAL,Standard,fallback
subscription,GENERAL,Standard,fallback
subscriptionclients,GENERAL,Standard,fallback
subscriptionmanuallytrackedobject,GENERAL,Standard,fallback
subscriptionstatisticsoffline,GENERAL,Standard,fallback
subscriptionstatisticsoutlook,GENERAL,Standard,fallback
subscriptionsyncentryoffline,GENERAL,Standard,fallback
subscriptionsyncentryoutlook,GENERAL,Standard,fallback
subscriptionsyncinfo,GENERAL,Standard,fallback
subscriptiontrackingdeletedobject,GENERAL,Standard,fallback
suggestioncardtemplate,GENERAL,Standard,fallback
supportusertable,GENERAL,Standard,fallback
svc_archivecreator,GENERAL,Custom,fallback
svc_ccp_contract_account,CONTRACTEN,Custom,kw:contract
svc_ccp_contract_contact,CONTRACTEN,Custom,kw:contract
svc_digitalfile,GENERAL,Custom,fallback
svc_digitalfile_ccp_agendaitem,VERGADERBEHEER,Custom,kw:agenda
svc_digitalfile_ccp_contract,CONTRACTEN,Custom,kw:contract
svc_digitalfile_ccp_event,EVENEMENTEN,Custom,kw:event
svc_digitalfile_ccp_grant,SUBSIDIES,Custom,kw:grant
svc_digitalfile_ccp_keyword,GENERAL,Custom,fallback
svc_digitalfile_ccp_permit,INNAME OPENBAAR DOMEIN,Custom,kw:permit
svc_digitalfile_ccp_record,GENERAL,Custom,fallback
svc_digitalfile_contact,CCSP CONTACTPERSONEN,Custom,kw:contact
svc_digitalfile_incident,MELDINGEN,Custom,kw:incident
svc_digitalfile_svc_digitalfile,GENERAL,Custom,fallback
svc_digitalfilecategory,GENERAL,Custom,fallback
svc_emaildigitalfile,GENERAL,Custom,fallback
svc_formselector,GENERAL,Custom,fallback
svc_letterdigitalfile,GENERAL,Custom,fallback
svc_magdadocumentservice,GENERAL,Custom,fallback
svc_orgaan,GENERAL,Custom,fallback
svc_phonecalldigitalfile,GENERAL,Custom,fallback
svc_processlog,PROCESMANAGER,Custom,kw:process
svc_relatedactionmultipleyearplan,GENERAL,Custom,fallback
svc_relatedteamdigitalfile,GENERAL,Custom,fallback
svc_sgw_actie_svc_digitalfile,GENERAL,Custom,fallback
svc_svc_digitalfile_account,CCSP ORGANISATIES,Custom,kw:account
svc_teamwithreadrightscontract,CONTRACTEN,Custom,kw:contract
synapsedatabase,GENERAL,Standard,fallback
synapselinkexternaltablestate,GENERAL,Standard,fallback
synapselinkprofile,GENERAL,Standard,fallback
synapselinkprofileentity,GENERAL,Standard,fallback
synapselinkprofileentitystate,GENERAL,Standard,fallback
synapselinkschedule,GENERAL,Standard,fallback
syncattributemapping,GENERAL,Standard,fallback
syncattributemappingprofile,GENERAL,Standard,fallback
syncerror,GENERAL,Standard,fallback
systemapplicationmetadata,GENERAL,Standard,fallback
systemform,GENERAL,Standard,fallback
systemuser,GENERAL,Standard,exact
systemuserauthorizationchangetracker,GENERAL,Standard,fallback
systemuserbusinessunitentitymap,CCSP ORGANISATIES,Standard,kw:businessunit
systemuserlicenses,GENERAL,Standard,fallback
systemusermanagermap,GENERAL,Standard,fallback
systemuserprincipals,GENERAL,Standard,fallback
systemuserprofiles,GENERAL,Standard,fallback
systemuserroles,GENERAL,Standard,fallback
systemusersyncmappingprofiles,GENERAL,Standard,fallback
t365_portalbusinessrule,GENERAL,Standard,fallback
tag,GENERAL,Standard,fallback
taggedflowsession,GENERAL,Standard,fallback
taggedprocess,PROCESMANAGER,Standard,kw:process
task,GENERAL,Standard,exact
tdsmetadata,GENERAL,Standard,fallback
team,GENERAL,Standard,exact
teammembership,GENERAL,Standard,fallback
teammobileofflineprofilemembership,GENERAL,Standard,fallback
teamprofiles,GENERAL,Standard,fallback
teamroles,GENERAL,Standard,fallback
teamsyncattributemappingprofiles,GENERAL,Standard,fallback
teamtemplate,GENERAL,Standard,fallback
template,GENERAL,Standard,fallback
territory,GENERAL,Standard,fallback
textanalyticsentitymapping,GENERAL,Standard,fallback
textdatarecordsindexingstatus,GENERAL,Standard,fallback
theme,GENERAL,Standard,fallback
timestampdatemapping,GENERAL,Standard,fallback
timezonedefinition,GENERAL,Standard,fallback
timezonelocalizedname,GENERAL,Standard,fallback
timezonerule,GENERAL,Standard,fallback
topic,GENERAL,Standard,fallback
topichistory,GENERAL,Standard,fallback
topicmodel,GENERAL,Standard,fallback
topicmodelconfiguration,GENERAL,Standard,fallback
topicmodelexecutionhistory,GENERAL,Standard,fallback
traceassociation,GENERAL,Standard,fallback
tracelog,GENERAL,Standard,fallback
traceregarding,GENERAL,Standard,fallback
trait,GENERAL,Standard,fallback
traitregistration,GENERAL,Standard,fallback
transactioncurrency,GENERAL,Standard,fallback
transformationmapping,GENERAL,Standard,fallback
transformationparametermapping,GENERAL,Standard,fallback
translationprocess,PROCESMANAGER,Standard,kw:process
unresolvedaddress,GENERAL,Standard,fallback
unstructuredfilesearchentity,GENERAL,Standard,fallback
unstructuredfilesearchrecord,GENERAL,Standard,fallback
untrackedemail,GENERAL,Standard,fallback
uom,GENERAL,Standard,fallback
uomschedule,GENERAL,Standard,fallback
userapplicationmetadata,GENERAL,Standard,fallback
userentityinstancedata,GENERAL,Standard,fallback
userentityuisettings,GENERAL,Standard,fallback
userfiscalcalendar,GENERAL,Standard,fallback
userform,GENERAL,Standard,fallback
usermapping,GENERAL,Standard,fallback
usermobileofflineprofilemembership,GENERAL,Standard,fallback
userquery,GENERAL,Standard,fallback
userqueryvisualization,GENERAL,Standard,fallback
userrating,GENERAL,Standard,fallback
usersearchfacet,GENERAL,Standard,fallback
usersettings,GENERAL,Standard,fallback
viewasexamplequestion,GENERAL,Standard,fallback
virtualentitymetadata,GENERAL,Standard,fallback
virtualresourcegroupresource,GENERAL,Standard,fallback
webresource,WEBCONTENT,Standard,kw:web
webwizard,WEBCONTENT,Standard,kw:web
wizardaccessprivilege,GENERAL,Standard,fallback
wizardpage,WEBCONTENT,Standard,kw:page
workflow,PROCESMANAGER,Standard,kw:workflow
workflowbinary,PROCESMANAGER,Standard,kw:workflow
workflowcardconnections,PROCESMANAGER,Standard,kw:workflow
workflowdependency,PROCESMANAGER,Standard,kw:workflow
workflowlog,PROCESMANAGER,Standard,kw:workflow
workflowmetadata,PROCESMANAGER,Standard,kw:workflow
workflowwaitsubscription,PROCESMANAGER,Standard,kw:workflow
workqueue,GENERAL,Standard,fallback
workqueueitem,GENERAL,Standard,fallback
